EmployeeNumber,MonthlyIncome,IncomeBand,DailyRate,HourlyRate,MonthlyRate,PercentSalaryHike,StockOptionLevel
1,5993,Medium Income,1102,94,19479,11,0
2,5130,Medium Income,279,61,24907,23,1
4,2090,Low Income,1373,92,2396,15,0
5,2909,Low Income,1392,56,23159,11,0
7,3468,Low Income,591,40,16632,12,1
8,3068,Low Income,1005,79,11864,13,0
10,2670,Low Income,1324,81,9964,20,3
11,2693,Low Income,1358,67,13335,22,1
12,9526,High Income,216,44,8787,21,0
13,5237,Medium Income,1299,94,16577,13,2
14,2426,Low Income,809,84,16479,13,1
15,4193,Medium Income,153,49,12682,12,0
16,2911,Low Income,670,31,15170,17,1
18,2661,Low Income,1346,93,8758,11,1
19,2028,Low Income,103,50,12947,14,0
20,9980,High Income,1389,51,10195,11,1
21,3298,Low Income,334,80,15053,12,2
22,2935,Low Income,1123,96,7324,13,2
23,15427,High Income,1219,78,22021,16,0
24,3944,Medium Income,371,45,4306,11,0
26,4011,Medium Income,673,96,8232,18,1
27,3407,Low Income,1218,82,6986,23,0
28,11994,High Income,419,53,21293,11,0
30,1232,Low Income,391,96,19281,14,0
31,2960,Low Income,699,83,17102,11,0
32,19094,High Income,1282,58,10735,11,1
33,3919,Medium Income,1125,72,4681,22,0
35,6825,High Income,691,48,21173,11,1
36,10248,High Income,477,42,2094,14,1
38,18947,High Income,705,83,22822,12,0
39,2496,Low Income,924,78,6670,11,0
40,6465,High Income,1459,41,19121,13,0
41,2206,Low Income,125,83,16117,13,0
42,2086,Low Income,895,56,3335,14,1
45,2293,Low Income,813,61,3020,16,1
46,2645,Low Income,1273,72,21923,12,2
47,2683,Low Income,869,86,3810,14,0
49,2014,Low Income,890,97,9687,13,0
51,3419,Low Income,852,82,13072,14,1
52,5376,Medium Income,1141,42,3193,19,2
53,1951,Low Income,464,75,10910,12,1
54,2341,Low Income,1240,33,19715,13,1
55,2293,Low Income,1357,48,10558,12,0
56,8726,High Income,994,37,2975,15,0
57,4011,Medium Income,721,58,10781,23,0
58,19545,High Income,1360,49,16280,12,0
60,4568,Medium Income,1065,72,10034,20,0
61,3022,Low Income,408,73,10227,21,0
62,5772,Medium Income,1211,98,20445,21,0
63,2269,Low Income,1229,36,4892,19,0
64,5381,Medium Income,626,98,19294,13,0
65,3441,Low Income,1434,50,11179,13,0
68,5454,Medium Income,1488,75,4009,21,1
70,9884,High Income,1097,79,8302,13,1
72,4157,Medium Income,1443,47,21436,19,1
73,13458,High Income,515,98,15146,12,0
74,9069,High Income,853,71,11031,22,1
75,4014,Medium Income,1142,30,16002,15,1
76,5915,Medium Income,655,48,9528,22,1
77,5993,Medium Income,1115,51,2689,18,1
78,6162,Medium Income,427,33,10877,22,1
79,2406,Low Income,653,50,5456,11,0
80,18740,High Income,989,43,16701,12,1
81,7637,High Income,1435,99,2354,11,0
83,10096,High Income,1223,59,8202,13,3
84,14756,High Income,836,33,19730,14,3
85,6499,High Income,1195,95,22656,13,0
86,9724,High Income,1339,59,18787,17,1
88,2194,Low Income,664,79,5868,13,1
90,3388,Low Income,318,79,21777,17,1
91,5473,Medium Income,1225,57,24668,11,0
94,2703,Low Income,1328,76,4956,23,1
95,2501,Low Income,1082,87,18775,17,0
96,6220,Medium Income,548,66,7346,17,2
97,3038,Low Income,132,55,22002,12,0
98,4424,Medium Income,746,61,20682,23,0
100,4312,Medium Income,776,32,23016,14,0
101,13245,High Income,193,52,15067,14,0
102,13664,High Income,397,30,25258,13,0
103,5021,Medium Income,945,80,10425,22,1
104,5126,Medium Income,852,55,15998,12,2
105,2859,Low Income,1214,30,26278,18,0
106,10239,High Income,111,70,18092,14,1
107,5329,Medium Income,573,79,15717,12,3
110,4325,Medium Income,1153,94,17736,15,0
112,7260,High Income,1400,49,21698,11,0
113,2322,Low Income,541,62,9518,13,1
116,2075,Low Income,432,96,18725,23,2
117,4152,Medium Income,288,99,15830,19,3
118,9619,High Income,669,64,13596,16,0
119,13503,High Income,530,78,14115,22,1
120,5441,Medium Income,632,71,8423,22,0
121,5209,Medium Income,1334,63,19760,12,3
124,10673,High Income,638,40,3142,13,1
125,5010,Medium Income,1093,87,24301,16,0
126,13549,High Income,1217,60,24001,12,1
128,4999,Medium Income,1353,33,17519,21,1
129,4221,Medium Income,120,43,8863,15,0
131,13872,High Income,682,37,24409,13,0
132,2042,Low Income,489,67,25043,12,1
133,2073,Low Income,807,63,23648,22,0
134,2956,Low Income,827,71,15178,13,0
137,2926,Low Income,871,66,19783,18,0
138,4809,Medium Income,665,41,12482,14,0
139,5163,Medium Income,1040,100,15850,14,1
140,18844,High Income,1420,32,21922,21,1
141,18172,High Income,1115,73,9755,19,0
142,5744,Medium Income,240,46,26959,11,0
143,2889,Low Income,1280,64,26897,11,2
144,2871,Low Income,534,59,23785,15,0
145,7484,High Income,1456,30,25796,20,0
147,6074,Medium Income,658,66,22887,24,0
148,17328,High Income,142,30,13871,12,0
150,2774,Low Income,1127,52,13257,12,1
151,4505,Medium Income,1031,45,15000,15,1
152,7428,High Income,1189,87,14506,12,0
153,11631,High Income,1354,45,5615,12,0
154,9738,High Income,1467,92,22952,14,1
155,2835,Low Income,922,39,2561,22,1
158,16959,High Income,394,92,19494,12,2
159,2613,Low Income,1312,96,22310,25,3
160,6146,Medium Income,750,95,15480,13,1
161,4963,Medium Income,441,72,4510,18,3
162,19537,High Income,684,51,6462,13,0
163,6172,Medium Income,249,76,20739,18,0
164,2368,Low Income,841,46,23300,19,0
165,10312,High Income,147,94,3465,12,1
167,1675,Low Income,528,50,26820,19,0
169,2523,Low Income,594,100,19299,14,1
170,6567,High Income,470,96,5549,14,0
171,4739,Medium Income,957,72,16090,12,0
174,9208,High Income,809,77,6645,11,0
175,4559,Medium Income,542,71,24788,11,1
176,8189,High Income,802,96,21196,13,1
177,2942,Low Income,1355,61,8916,23,1
178,4941,Medium Income,216,84,2819,20,2
179,10650,High Income,1150,53,25150,15,0
182,5902,Medium Income,1329,47,14590,14,1
183,8639,High Income,959,41,24835,18,0
184,6347,Medium Income,1240,48,13982,19,0
190,4200,Medium Income,1033,41,10224,22,0
192,3452,Low Income,1316,83,9752,13,0
193,4317,Medium Income,364,32,2302,20,0
194,2632,Low Income,438,75,23910,14,0
195,4668,Medium Income,689,35,22812,17,3
197,3204,Low Income,201,84,10415,14,1
198,2720,Low Income,1427,35,11162,13,0
199,17181,High Income,857,91,12888,13,1
200,2238,Low Income,933,94,6961,21,1
201,1483,Low Income,1181,79,16102,14,0
202,5605,Medium Income,1395,54,8504,11,1
204,7295,High Income,662,94,11439,13,2
205,2306,Low Income,1436,34,16047,20,1
206,2348,Low Income,194,60,10901,18,1
207,8998,High Income,967,43,15589,14,0
208,4319,Medium Income,1496,41,26283,13,1
211,6132,Medium Income,1169,34,13983,17,0
214,3346,Low Income,1145,75,11873,20,1
215,10855,High Income,630,67,8552,11,1
216,2231,Low Income,303,75,11314,18,1
217,2323,Low Income,1256,80,11992,24,2
218,2024,Low Income,691,57,5970,18,1
221,2713,Low Income,440,42,6672,11,1
223,9439,High Income,334,83,23402,16,1
224,2566,Low Income,1450,79,25326,15,1
226,19926,High Income,1452,53,17053,15,0
227,2451,Low Income,465,56,4609,12,1
228,9419,High Income,1339,41,8053,12,1
230,8686,High Income,702,59,12930,22,0
231,3038,Low Income,120,43,12430,20,0
233,3058,Low Income,1157,51,13364,16,1
235,2325,Low Income,602,100,20989,21,0
238,2088,Low Income,1480,30,15062,12,0
239,3072,Low Income,111,66,11012,11,2
240,5006,Medium Income,1268,30,6319,11,1
241,4257,Medium Income,713,67,13939,18,1
242,2500,Low Income,134,90,10515,14,0
243,1102,Low Income,303,47,9241,22,0
244,10453,High Income,526,92,2137,25,3
245,2288,Low Income,1380,75,6319,12,0
246,3929,Medium Income,140,95,6984,23,1
247,2311,Low Income,629,95,5711,15,0
248,3140,Low Income,1356,70,21728,22,0
249,3690,Medium Income,328,86,3425,15,1
250,4450,Medium Income,1084,57,26250,11,2
252,2756,Low Income,931,72,4673,13,1
253,19033,High Income,989,46,6499,14,1
254,18722,High Income,692,61,13339,11,0
256,9547,High Income,1069,45,14074,17,0
258,13734,High Income,313,98,7192,18,0
259,19999,High Income,699,65,5678,14,1
260,2279,Low Income,894,99,11781,16,0
261,5916,Medium Income,556,50,15497,13,0
262,2089,Low Income,1344,37,5228,14,3
264,16792,High Income,1195,65,20462,23,1
267,3564,Low Income,290,65,22977,12,1
269,4425,Medium Income,138,37,15986,11,0
270,5265,Medium Income,926,36,16439,16,1
271,6553,High Income,1261,88,7259,14,0
273,6261,Medium Income,1084,54,4185,18,1
274,4298,Medium Income,472,60,9679,19,1
275,6804,High Income,1002,92,23793,15,2
277,3815,Medium Income,878,43,5972,17,1
281,2741,Low Income,905,99,16523,15,1
282,6673,High Income,1180,70,11354,19,0
283,7639,High Income,121,35,24525,22,3
284,2328,Low Income,1136,60,12392,16,1
286,2153,Low Income,635,73,7703,13,0
287,4876,Medium Income,1151,63,14242,14,1
288,9396,High Income,644,97,12368,16,1
291,10400,High Income,1045,32,25812,11,0
292,8474,High Income,829,88,20925,22,0
293,9981,High Income,1242,90,12916,14,0
296,12490,High Income,1469,81,15736,16,2
297,2657,Low Income,1005,88,8556,11,0
298,13591,High Income,896,75,14674,18,0
299,6696,High Income,334,52,22967,15,0
300,2058,Low Income,992,85,19757,14,0
302,8865,High Income,1052,57,16840,12,0
303,5940,Medium Income,1147,52,17011,14,1
304,5914,Medium Income,1396,62,9945,16,0
305,2622,Low Income,147,47,13248,21,0
306,12185,High Income,663,47,10056,14,3
307,10609,High Income,119,76,9647,12,2
308,4345,Medium Income,979,90,4381,12,1
309,2177,Low Income,142,70,8456,17,1
311,2793,Low Income,319,41,2539,17,1
312,7918,High Income,1413,42,6599,14,1
314,8789,High Income,944,92,9096,14,0
315,2389,Low Income,896,86,14961,13,0
316,3212,Low Income,1323,89,3300,15,0
319,19232,High Income,532,58,4933,11,0
321,2267,Low Income,818,52,25657,17,0
323,19517,High Income,854,68,24118,11,1
325,2436,Low Income,813,58,22149,13,1
327,16064,High Income,1034,80,7744,22,1
328,2707,Low Income,465,39,21509,20,0
329,19068,High Income,771,79,21030,18,0
330,3931,Medium Income,1401,56,20990,11,1
331,3730,Medium Income,515,62,9571,14,0
332,2232,Low Income,1431,96,15417,14,3
333,4465,Medium Income,976,100,12069,18,0
334,3072,Low Income,1411,36,19877,16,2
335,3319,Low Income,1300,62,24447,17,2
336,19202,High Income,252,70,15970,11,1
337,13675,High Income,1327,73,13523,12,1
338,2911,Low Income,832,63,14776,13,1
339,5957,Medium Income,470,84,23687,13,1
340,3920,Medium Income,1017,83,18697,14,1
341,6434,Medium Income,1199,77,5118,17,1
342,10048,High Income,504,61,22573,11,2
343,10938,High Income,505,64,6420,25,0
346,2340,Low Income,665,60,22673,19,0
347,6545,High Income,916,82,23016,13,0
349,6931,High Income,1247,45,10732,14,1
350,4898,Medium Income,685,62,7505,12,2
351,2593,Low Income,269,56,8007,11,1
352,19436,High Income,1416,49,5949,19,1
353,2723,Low Income,833,96,23231,11,0
355,3479,Low Income,307,71,11652,11,0
359,2794,Low Income,1311,100,26062,20,0
361,5249,Medium Income,1327,39,19682,18,1
362,2176,Low Income,128,84,19737,13,0
363,16872,High Income,488,75,14977,12,1
364,3485,Low Income,529,79,14935,11,0
366,6644,High Income,1210,78,3687,19,2
367,5582,Medium Income,1463,64,14408,21,1
369,4000,Medium Income,675,85,18384,12,2
372,13496,High Income,1385,79,7501,14,0
373,3210,Low Income,1403,47,20251,11,1
374,19045,High Income,452,81,18938,14,0
376,11849,High Income,666,88,10268,12,1
377,2070,Low Income,1158,94,2613,23,1
378,6502,High Income,228,98,22825,14,1
379,3230,Low Income,996,100,10531,17,0
380,13603,High Income,728,80,11677,18,2
381,11996,High Income,1315,71,19100,18,1
382,5605,Medium Income,322,44,19191,24,1
384,6397,Medium Income,1479,84,26767,20,1
385,19144,High Income,797,96,15815,14,2
386,17584,High Income,1070,45,21016,16,3
387,4907,Medium Income,635,99,24532,25,0
388,4554,Medium Income,442,44,20260,18,0
389,5415,Medium Income,147,37,15972,19,1
390,4741,Medium Income,496,60,22722,13,1
391,2115,Low Income,1372,42,15881,12,0
392,3161,Low Income,920,43,19920,22,1
393,5745,Medium Income,688,82,18899,14,1
394,2373,Low Income,1449,45,14180,13,1
395,3310,Low Income,1117,66,4488,21,0
396,18665,High Income,636,35,25594,11,0
397,4485,Medium Income,506,30,26285,12,0
399,2789,Low Income,444,84,3909,11,1
401,5828,Medium Income,950,48,8450,12,0
403,2326,Low Income,889,53,11411,12,3
404,13525,High Income,555,77,14864,14,1
405,1420,Low Income,230,54,25233,13,0
406,8020,High Income,1232,96,5100,15,2
407,3688,Medium Income,566,81,7122,18,2
408,5482,Medium Income,1302,84,16321,18,1
410,16015,High Income,334,88,15896,19,0
411,1200,Low Income,812,69,9724,12,0
412,5661,Medium Income,1476,68,4824,19,0
416,6929,High Income,218,100,12241,11,1
417,9613,High Income,1132,48,10942,17,3
419,5674,Medium Income,1105,47,6927,15,1
420,5484,Medium Income,906,91,16985,14,1
421,12061,High Income,849,81,26707,17,1
422,5660,Medium Income,390,32,17056,13,1
423,4821,Medium Income,691,86,10077,12,1
424,6410,Medium Income,106,62,17822,12,0
425,5210,Medium Income,1249,97,20308,18,1
426,2695,Low Income,192,32,7747,18,1
428,11878,High Income,553,74,23364,11,2
429,17068,High Income,117,99,5355,14,0
430,2455,Low Income,185,33,10675,19,0
431,13964,High Income,1091,90,17810,12,0
433,4941,Medium Income,723,85,17747,15,0
434,2478,Low Income,1220,85,20938,12,0
436,5228,Medium Income,588,65,24624,11,0
437,4478,Medium Income,1377,74,5242,11,0
438,7547,High Income,691,73,7143,12,3
439,5055,Medium Income,1018,74,10557,16,0
440,3464,Low Income,1157,84,24737,13,0
441,5775,Medium Income,1275,64,11934,13,2
442,8943,High Income,798,48,14034,24,1
444,19272,High Income,672,54,21141,15,1
445,5238,Medium Income,1162,41,17778,18,0
446,4682,Medium Income,508,46,4317,14,0
447,18300,High Income,1482,42,16375,11,1
448,5257,Medium Income,559,82,6227,11,1
449,6349,Medium Income,210,73,22107,13,1
450,4869,Medium Income,928,31,16885,12,0
451,9985,High Income,1001,43,9262,16,1
452,3697,Medium Income,549,75,9278,14,2
453,7457,High Income,1124,57,13273,22,3
454,2119,Low Income,318,77,4759,11,0
455,3983,Medium Income,738,30,7621,17,0
456,6118,Medium Income,570,30,5431,13,3
458,6214,Medium Income,1130,56,3415,18,1
460,6347,Medium Income,1192,61,23177,16,2
461,11510,High Income,343,92,15682,14,1
462,7143,High Income,1232,39,25713,14,0
463,8268,High Income,144,39,11866,14,2
464,8095,High Income,1296,62,18264,13,0
465,2904,Low Income,1309,83,16092,12,2
466,6032,Medium Income,483,95,10110,15,0
467,2976,Low Income,1309,99,25751,19,0
468,15992,High Income,810,44,15901,14,0
469,4649,Medium Income,746,61,16928,14,1
470,2696,Low Income,544,52,24017,11,1
471,2370,Low Income,1062,75,3956,13,1
473,12504,High Income,530,91,23978,21,1
474,5974,Medium Income,1319,51,17001,13,2
475,4736,Medium Income,641,85,6069,12,1
476,5296,Medium Income,933,57,20156,17,1
477,6781,High Income,1332,98,17078,23,0
478,2174,Low Income,756,99,9150,11,0
479,6653,High Income,845,45,15276,15,0
481,9699,High Income,541,48,7246,11,1
482,6755,High Income,593,88,2967,11,0
483,2213,Low Income,1171,46,22495,13,1
484,2610,Low Income,895,39,2851,24,0
485,2851,Low Income,350,34,9150,13,0
486,3452,Low Income,921,98,17663,20,1
487,5258,Medium Income,1144,30,16044,14,0
488,9355,High Income,143,56,9558,18,0
491,10496,High Income,1046,100,2755,15,0
492,6380,Medium Income,575,68,6110,12,2
493,2657,Low Income,408,42,7551,16,0
494,2716,Low Income,156,90,25422,15,0
495,2201,Low Income,1283,54,18168,16,0
496,6540,High Income,755,97,19394,19,0
497,3816,Medium Income,1469,82,17881,11,1
498,5253,Medium Income,304,92,20750,16,0
499,10965,High Income,1261,31,12066,24,0
500,4936,Medium Income,1178,87,14862,11,1
501,2543,Low Income,329,96,11868,13,1
502,5304,Medium Income,1362,67,4652,13,0
505,16659,High Income,1311,97,23258,13,0
507,4260,Medium Income,1371,77,5915,12,1
508,2476,Low Income,202,72,17434,18,1
510,3102,Low Income,575,73,6582,22,0
511,2244,Low Income,253,43,24440,13,1
513,7596,High Income,164,61,3809,13,2
514,2285,Low Income,464,40,3427,23,0
515,3034,Low Income,1107,95,26914,12,1
516,5715,Medium Income,759,46,22553,12,2
517,2576,Low Income,201,95,20490,16,1
518,4197,Medium Income,1305,49,21123,12,0
520,14336,High Income,982,59,4345,11,1
521,3448,Low Income,555,78,13436,22,1
522,19406,High Income,821,86,8509,11,1
523,6538,High Income,1381,72,12740,15,1
524,4306,Medium Income,480,31,4156,12,1
525,2258,Low Income,313,61,15238,20,1
526,4522,Medium Income,1473,74,2227,14,0
527,4487,Medium Income,891,99,12090,11,0
529,4449,Medium Income,1063,72,23866,15,2
530,2218,Low Income,329,98,16193,12,1
531,19197,High Income,1218,52,8213,14,1
532,13212,High Income,906,86,18256,11,3
533,6577,High Income,1082,83,19558,11,0
534,8392,High Income,645,49,19566,16,1
536,4558,Medium Income,1300,79,13535,12,1
538,4031,Medium Income,688,91,9396,13,1
543,7969,High Income,319,39,19609,14,0
544,2654,Low Income,192,69,9655,21,2
546,16555,High Income,1490,30,10310,13,0
547,4556,Medium Income,532,92,12932,11,1
548,6091,Medium Income,317,43,24793,20,0
549,19566,High Income,422,41,3854,11,0
550,4810,Medium Income,1485,87,26314,14,1
551,4523,Medium Income,1368,88,4386,11,3
554,3202,Low Income,1448,62,21972,16,0
555,2351,Low Income,296,33,12253,16,1
556,1702,Low Income,1490,42,12106,23,1
558,18041,High Income,1398,79,13022,14,0
560,2886,Low Income,1349,90,3032,22,2
562,2097,Low Income,1400,53,16734,15,1
564,11935,High Income,986,93,21526,18,0
565,2546,Low Income,408,71,18300,16,0
566,2564,Low Income,489,52,18437,12,0
567,8412,High Income,1398,69,2890,11,0
568,14118,High Income,210,56,22102,12,1
569,17046,High Income,1099,88,9314,15,1
571,2564,Low Income,1116,49,7181,14,0
573,10266,High Income,1499,80,2845,19,0
574,5070,Medium Income,983,65,7389,13,3
575,17861,High Income,1009,51,2288,13,0
577,4230,Medium Income,144,46,19225,15,0
578,3780,Medium Income,548,42,23428,11,0
579,2768,Low Income,1303,62,8416,12,1
580,9071,High Income,1125,94,11563,19,1
581,10648,High Income,1274,33,14394,25,1
582,13610,High Income,1277,56,24619,12,0
584,3408,Low Income,587,38,6705,13,3
585,2983,Low Income,413,57,18398,14,0
586,7632,High Income,1276,72,14295,12,0
587,9824,High Income,534,66,22908,12,0
590,9950,High Income,988,43,11533,15,3
591,2093,Low Income,1474,97,9260,17,1
592,9980,High Income,635,32,15318,14,0
593,3894,Medium Income,1368,99,9129,16,0
595,4051,Medium Income,163,37,19658,14,1
597,16835,High Income,1117,83,9873,23,0
599,6230,Medium Income,267,56,13430,14,0
600,4717,Medium Income,619,85,18659,11,0
601,13237,High Income,302,75,20364,15,0
602,3755,Medium Income,443,48,17872,11,1
604,6582,High Income,828,77,8346,13,0
605,7406,High Income,319,56,6950,21,1
606,4805,Medium Income,561,61,16177,19,1
608,2741,Low Income,426,58,22808,11,1
611,4262,Medium Income,232,34,22645,12,2
612,16184,High Income,922,95,22578,19,1
613,11557,High Income,688,44,25291,21,1
614,1878,Low Income,1306,69,8059,14,0
615,10932,High Income,1094,58,11373,15,1
616,6811,High Income,509,62,2112,17,0
618,4306,Medium Income,775,45,4267,12,2
620,4859,Medium Income,195,80,6698,16,0
621,5337,Medium Income,258,74,19921,12,0
622,2340,Low Income,471,66,23213,18,0
623,7491,High Income,799,59,23848,17,0
624,10527,High Income,1034,86,8984,11,0
625,16595,High Income,1276,91,5626,16,1
626,8834,High Income,142,69,24666,13,1
630,5577,Medium Income,956,78,22087,12,2
631,4707,Medium Income,1474,60,23914,12,0
632,2400,Low Income,535,38,5530,13,2
634,9824,High Income,1495,76,22174,19,1
635,6447,Medium Income,446,65,15701,12,1
638,19502,High Income,1245,58,2125,17,1
639,2725,Low Income,691,89,21630,11,2
641,6272,Medium Income,703,66,7428,20,2
643,2127,Low Income,823,94,9100,21,1
644,18200,High Income,1246,99,7999,11,1
645,2096,Low Income,622,40,26376,11,0
647,2886,Low Income,1287,55,14168,16,1
648,2033,Low Income,448,74,14470,18,1
649,3622,Medium Income,254,83,22794,13,1
650,4233,Medium Income,1365,46,11512,17,0
652,3681,Medium Income,538,54,14004,14,0
653,5460,Medium Income,525,66,6219,22,2
655,2187,Low Income,798,66,5013,12,2
656,9602,High Income,558,75,3010,11,1
657,2836,Low Income,959,83,11757,13,0
659,4089,Medium Income,622,81,5718,13,2
661,16627,High Income,782,50,2671,14,1
662,2619,Low Income,362,43,14561,17,0
663,5679,Medium Income,1001,72,19627,13,1
664,15402,High Income,1236,40,17997,11,1
665,5985,Medium Income,1112,50,26894,11,0
666,2579,Low Income,204,31,2912,18,2
667,3041,Low Income,1420,85,16346,11,1
669,3447,Low Income,1343,49,24444,11,0
671,19513,High Income,1315,35,9358,12,1
675,2773,Low Income,604,69,12145,20,0
677,7104,High Income,1216,39,20431,12,0
679,6322,Medium Income,646,92,18089,12,1
680,2083,Low Income,160,71,22653,20,1
682,8381,High Income,238,34,7507,20,0
683,2691,Low Income,1397,42,7660,12,1
684,4286,Medium Income,306,100,5630,14,2
686,2659,Low Income,991,71,17759,13,1
689,9434,High Income,482,36,9606,15,1
690,5561,Medium Income,1176,62,3487,14,1
691,6646,High Income,1017,82,19368,13,0
692,7725,High Income,1296,30,5335,23,1
698,10725,High Income,397,88,6729,15,1
699,8847,High Income,913,48,13934,11,1
700,2045,Low Income,1115,54,15174,13,0
701,1009,Low Income,1362,32,26999,11,0
702,3348,Low Income,1076,70,3164,11,0
704,1281,Low Income,727,41,16900,18,2
705,2819,Low Income,885,58,8544,16,1
707,4851,Medium Income,810,57,15678,22,1
709,4028,Medium Income,243,46,7791,20,0
710,2720,Low Income,806,76,18959,18,1
712,8120,High Income,817,56,18597,12,0
714,4647,Medium Income,1410,71,16673,20,2
715,4680,Medium Income,1225,80,15232,17,0
716,3221,Low Income,1207,74,3297,11,3
717,8621,High Income,1442,46,17654,14,0
720,4577,Medium Income,693,65,24785,14,0
721,4553,Medium Income,408,80,20978,11,0
722,5396,Medium Income,929,55,21703,12,0
723,6796,High Income,562,50,23452,14,1
724,7625,High Income,827,33,19383,13,0
725,7412,High Income,608,68,6009,11,0
727,11159,High Income,1018,39,19373,15,0
728,4960,Medium Income,703,42,11825,12,0
729,10475,High Income,580,48,23772,21,1
730,14814,High Income,970,59,13514,19,0
731,19141,High Income,427,73,8861,15,3
732,5405,Medium Income,1179,84,11924,14,0
733,8793,High Income,294,32,4809,21,2
734,19189,High Income,314,59,19562,12,1
738,3875,Medium Income,316,54,9983,15,1
741,2216,Low Income,654,67,3872,13,0
742,11713,High Income,427,63,20335,14,1
743,7861,High Income,168,81,15397,14,0
744,3708,Medium Income,381,49,2104,14,0
746,13770,High Income,217,49,10225,12,2
747,5304,Medium Income,501,99,25275,23,1
749,2642,Low Income,1396,99,2755,11,0
752,2759,Low Income,933,57,20366,12,0
754,6804,High Income,775,47,23683,18,1
757,6142,Medium Income,970,96,7360,11,0
758,2500,Low Income,650,37,4344,14,1
760,6389,Medium Income,141,44,18767,15,1
762,11103,High Income,832,81,20420,11,0
763,2342,Low Income,804,86,22929,20,0
764,6811,High Income,975,55,23398,19,0
766,2297,Low Income,1090,83,17967,14,2
769,2450,Low Income,346,86,10919,17,0
771,5093,Medium Income,1225,61,4761,11,1
772,5309,Medium Income,430,80,21146,15,2
773,3057,Low Income,268,92,20471,13,1
775,5121,Medium Income,167,32,4187,14,1
776,16856,High Income,621,31,10084,11,0
780,2686,Low Income,527,63,5207,13,0
781,6180,Medium Income,883,32,22807,23,0
783,6632,High Income,954,46,12388,13,0
784,3505,Low Income,310,79,19630,18,0
785,6397,Medium Income,719,77,10339,12,0
786,6274,Medium Income,304,60,18686,22,0
787,19859,High Income,725,78,21199,13,1
789,7587,High Income,1434,76,14229,15,0
791,4258,Medium Income,715,41,26589,18,1
792,4364,Medium Income,575,71,5288,14,1
793,4335,Medium Income,657,66,25549,12,1
796,5326,Medium Income,1146,38,3064,17,0
797,3280,Low Income,182,72,13551,16,0
799,5485,Medium Income,376,95,22670,11,2
800,4342,Medium Income,829,84,24008,19,1
802,2782,Low Income,571,82,19905,13,2
803,5980,Medium Income,240,75,26085,12,0
804,4381,Medium Income,121,86,7530,11,0
805,2572,Low Income,384,72,20317,16,1
806,3833,Medium Income,921,38,24375,21,2
807,4244,Medium Income,791,38,9931,24,1
808,6500,High Income,1111,93,13305,17,1
809,18430,High Income,570,66,16225,13,1
811,1601,Low Income,1243,63,3445,21,2
812,2694,Low Income,1092,60,26551,11,3
813,3149,Low Income,1325,82,21821,20,1
815,17639,High Income,691,64,6881,16,0
816,2319,Low Income,805,36,6689,11,1
817,11691,High Income,213,49,25995,11,0
819,5324,Medium Income,118,69,26507,15,0
820,16752,High Income,202,33,12982,11,1
823,5228,Medium Income,676,35,23361,15,1
824,2700,Low Income,1252,81,23779,24,1
825,19246,High Income,286,31,25761,12,0
826,2506,Low Income,1258,40,13301,13,0
827,6062,Medium Income,932,43,4051,13,1
828,4382,Medium Income,890,46,16374,17,0
829,2143,Low Income,1041,36,25527,13,1
830,6162,Medium Income,859,98,19124,12,1
832,5094,Medium Income,720,51,11983,14,0
833,6877,High Income,946,52,20234,24,0
834,2274,Low Income,252,95,6153,14,0
836,4434,Medium Income,933,98,11806,13,1
837,6288,Medium Income,471,45,4284,15,1
838,2553,Low Income,702,100,8306,16,0
840,7654,High Income,1184,43,5860,18,2
842,5160,Medium Income,436,37,21519,16,0
843,17159,High Income,589,94,5200,24,1
844,12808,High Income,269,42,8842,16,1
845,10221,High Income,950,59,18869,21,0
846,4779,Medium Income,760,81,3698,20,0
847,3737,Medium Income,829,88,2243,19,1
848,2366,Low Income,887,88,20898,14,1
850,1706,Low Income,443,50,16571,11,3
851,16307,High Income,1318,66,5594,14,1
852,5933,Medium Income,625,50,5197,12,0
854,3424,Low Income,180,65,21632,13,0
855,4037,Medium Income,586,48,21816,22,1
856,2559,Low Income,1343,53,17852,11,0
857,6201,Medium Income,928,56,2823,14,1
859,4403,Medium Income,117,73,9250,11,1
861,3761,Medium Income,1012,75,2373,12,1
862,10934,High Income,661,78,20715,18,1
864,10761,High Income,930,74,19239,12,1
865,5175,Medium Income,638,91,22162,12,1
867,13826,High Income,890,81,19028,22,0
868,6334,Medium Income,342,66,24558,19,2
869,4936,Medium Income,1169,63,23965,13,1
872,4775,Medium Income,1230,33,19146,22,2
874,2818,Low Income,986,62,5044,24,1
875,2515,Low Income,1271,35,9068,14,0
878,2342,Low Income,1278,77,8635,21,0
879,4194,Medium Income,141,98,14363,18,0
880,10685,High Income,607,66,23457,20,1
881,2022,Low Income,130,96,16612,19,1
882,2314,Low Income,300,61,9148,12,1
885,4256,Medium Income,583,87,18154,12,0
887,3580,Low Income,1418,36,10554,16,1
888,3162,Low Income,1269,46,10778,17,0
889,6524,High Income,379,48,8891,14,1
893,2899,Low Income,395,98,12102,19,1
894,5231,Medium Income,1265,95,23726,13,1
895,2356,Low Income,1222,48,14871,19,1
896,2800,Low Income,341,48,23522,19,3
897,11836,High Income,868,73,22789,14,1
899,10903,High Income,672,78,9129,16,0
900,2973,Low Income,1231,54,21222,15,1
901,14275,High Income,102,72,20206,18,0
902,5562,Medium Income,422,33,21782,13,1
903,4537,Medium Income,249,35,17783,22,1
904,7642,High Income,1252,32,4814,13,0
905,17924,High Income,881,98,4544,11,1
909,5204,Medium Income,1383,42,7790,11,2
910,2277,Low Income,1075,57,22650,11,1
911,2795,Low Income,374,87,18016,24,0
912,2532,Low Income,1086,62,6054,14,3
913,2559,Low Income,661,61,7508,13,0
916,4908,Medium Income,821,98,24252,14,0
918,2380,Low Income,781,57,13384,14,1
920,4765,Medium Income,177,55,23814,21,1
922,2044,Low Income,500,49,22052,13,0
923,2693,Low Income,1427,65,8870,19,0
924,6586,High Income,1425,68,4821,17,1
925,3294,Low Income,1454,65,13137,18,0
926,4171,Medium Income,617,34,10022,19,1
927,2778,Low Income,1085,57,17725,13,1
930,2377,Low Income,995,77,9834,18,1
932,2404,Low Income,1122,70,4303,21,0
933,2318,Low Income,618,76,17808,19,0
934,2008,Low Income,546,83,6896,14,2
936,6244,Medium Income,462,68,7824,17,0
939,2799,Low Income,1198,100,3339,11,0
940,10552,High Income,1272,37,9255,13,1
941,2329,Low Income,154,41,11737,15,0
942,4014,Medium Income,1137,51,19170,25,1
944,7403,High Income,527,51,22477,11,1
945,2259,Low Income,1469,51,5543,17,2
947,6932,High Income,1188,45,24406,13,1
949,4678,Medium Income,188,65,23293,18,0
950,13582,High Income,1333,80,16292,13,1
951,2332,Low Income,1184,70,3974,20,0
952,2413,Low Income,867,36,18798,18,3
954,9705,High Income,658,67,20652,12,1
956,4294,Medium Income,1283,52,11148,12,0
957,4721,Medium Income,263,59,3119,13,0
958,2519,Low Income,938,79,12287,21,0
959,2121,Low Income,419,37,9947,13,0
960,2973,Low Income,129,84,13008,19,0
961,5855,Medium Income,616,41,17369,11,2
964,3617,Medium Income,1469,35,25063,14,1
966,6725,High Income,498,93,13554,12,1
967,10325,High Income,530,51,5518,11,1
969,6949,High Income,1069,42,12291,14,0
970,10609,High Income,625,46,14922,11,0
972,4447,Medium Income,805,57,23163,12,0
974,2157,Low Income,1404,84,18203,15,1
975,4601,Medium Income,1219,86,6179,16,0
976,17099,High Income,1053,70,13829,15,1
977,2479,Low Income,289,51,26227,24,0
981,14852,High Income,1376,45,13938,13,1
982,7264,High Income,231,62,9977,11,1
983,5666,Medium Income,152,85,19899,13,0
984,7823,High Income,882,92,6812,13,1
985,7880,High Income,903,41,2560,18,0
986,13194,High Income,1479,100,17071,16,0
987,5067,Medium Income,1379,64,6759,19,0
990,5079,Medium Income,1229,84,25952,13,2
991,2321,Low Income,335,46,10322,22,0
992,17444,High Income,722,38,20489,11,0
994,2404,Low Income,906,92,11479,20,0
995,3452,Low Income,461,53,17241,18,0
996,2270,Low Income,974,91,11005,14,2
997,17399,High Income,1126,66,6615,22,1
998,5488,Medium Income,827,84,20161,13,1
999,19419,High Income,840,64,3735,17,1
1001,2811,Low Income,1134,37,12086,14,1
1002,3633,Medium Income,248,42,14039,15,1
1003,4163,Medium Income,955,83,8571,17,0
1004,2132,Low Income,138,48,11539,11,0
1005,13973,High Income,939,95,4161,18,1
1006,2684,Low Income,1391,66,12127,17,1
1007,10845,High Income,566,75,24208,13,1
1009,4377,Medium Income,1206,41,24117,15,2
1010,3743,Medium Income,622,39,10074,24,1
1011,4148,Medium Income,853,96,11275,12,1
1012,1051,Low Income,287,73,13493,15,0
1013,10739,High Income,1441,56,13943,11,1
1014,10388,High Income,583,57,6975,11,1
1015,11416,High Income,153,73,17802,12,3
1016,2600,Low Income,1097,98,18275,15,0
1017,2422,Low Income,109,60,25725,17,0
1018,5472,Medium Income,1066,32,3334,12,0
1019,2451,Low Income,217,94,6881,15,1
1022,4240,Medium Income,277,97,13119,13,0
1024,10999,High Income,1355,78,22245,14,0
1025,5003,Medium Income,549,42,23371,14,0
1026,12742,High Income,466,65,7060,16,1
1027,4227,Medium Income,1055,47,4658,18,1
1028,3917,Medium Income,802,45,9541,20,1
1029,18303,High Income,265,90,7770,13,0
1030,2380,Low Income,804,64,20165,18,0
1032,13726,High Income,715,69,21829,13,0
1033,4777,Medium Income,1141,61,14382,15,0
1034,6385,Medium Income,135,62,12992,14,2
1035,19973,High Income,247,55,20284,22,2
1036,6861,High Income,1035,42,4981,12,0
1037,4969,Medium Income,265,79,21813,18,0
1038,19845,High Income,266,57,25846,15,1
1039,13320,High Income,1448,53,11737,18,1
1040,6347,Medium Income,145,95,24920,12,1
1042,2743,Low Income,885,43,8269,16,0
1043,10880,High Income,945,82,5083,13,0
1044,2342,Low Income,1038,88,21437,19,0
1045,17650,High Income,1234,90,5404,13,1
1046,4025,Medium Income,1109,69,11135,12,0
1047,9725,High Income,216,75,12278,11,1
1048,11904,High Income,1089,66,11038,14,1
1049,2177,Low Income,788,36,8318,16,0
1050,7525,High Income,124,38,23537,12,1
1052,4834,Medium Income,660,81,7858,14,1
1053,2042,Low Income,342,57,15346,14,1
1055,2220,Low Income,1333,87,18410,19,1
1056,1052,Low Income,1144,74,23384,22,0
1060,2821,Low Income,1186,44,2997,16,1
1061,19237,High Income,1464,62,12853,11,1
1062,4107,Medium Income,124,35,13848,15,0
1066,8396,High Income,300,74,22217,14,1
1068,2007,Low Income,921,66,25265,13,2
1069,19627,High Income,430,40,21445,17,2
1070,10686,High Income,1082,41,8392,11,1
1071,2942,Low Income,1240,63,12154,19,1
1073,8858,High Income,796,51,15669,11,0
1074,16756,High Income,444,40,17323,15,0
1076,10798,High Income,415,79,5268,13,1
1077,2323,Low Income,769,54,17205,14,0
1079,1416,Low Income,1334,36,17258,13,0
1080,4615,Medium Income,1003,74,21029,23,3
1081,2461,Low Income,1323,34,10332,12,3
1082,8722,High Income,1366,72,12355,12,0
1083,3955,Medium Income,192,59,11141,16,2
1084,9957,High Income,1176,85,9096,15,1
1085,3376,Low Income,509,43,18863,13,0
1088,8823,High Income,330,65,24608,18,1
1092,10322,High Income,1492,61,26542,20,1
1094,4621,Medium Income,1277,87,5869,19,3
1096,10976,High Income,1091,65,15813,18,1
1097,3660,Medium Income,857,59,7909,13,0
1098,10482,High Income,1376,91,2326,14,1
1099,7119,High Income,654,34,21214,15,1
1100,9582,High Income,1204,86,10333,22,0
1101,4508,Medium Income,827,54,3129,22,0
1102,2207,Low Income,895,50,22482,16,1
1103,7756,High Income,618,45,22266,17,0
1105,6694,High Income,309,88,24223,14,3
1106,3691,Medium Income,1219,32,4605,15,1
1107,2377,Low Income,1330,37,19373,20,1
1108,2313,Low Income,1017,55,2993,20,0
1109,17665,High Income,469,35,14399,17,1
1111,2596,Low Income,1009,45,7160,15,2
1113,4728,Medium Income,959,81,17251,14,0
1114,4302,Medium Income,970,30,13401,17,1
1115,2979,Low Income,697,40,22478,17,3
1116,16885,High Income,1262,35,16154,22,0
1117,5593,Medium Income,1050,65,17970,13,1
1118,10445,High Income,994,87,15322,19,0
1119,8740,High Income,770,73,5569,14,2
1120,2514,Low Income,1107,93,26968,22,1
1121,7655,High Income,950,93,8039,17,3
1124,17465,High Income,406,52,15596,12,1
1125,7351,High Income,130,32,20619,16,0
1126,10820,High Income,1082,83,11535,11,1
1127,12169,High Income,203,84,13547,11,3
1128,19626,High Income,1308,44,17544,14,0
1131,2070,Low Income,984,70,25326,11,0
1132,6782,High Income,439,70,8770,15,0
1133,7779,High Income,217,78,23238,20,0
1135,2791,Low Income,793,67,21981,12,1
1136,3201,Low Income,1451,67,19911,17,0
1137,4968,Medium Income,1182,54,18500,11,1
1138,13120,High Income,174,56,11879,17,1
1140,4033,Medium Income,1003,95,15834,11,0
1143,3291,Low Income,490,61,17940,14,2
1148,4272,Medium Income,188,56,9558,19,0
1150,5056,Medium Income,718,79,17689,15,1
1152,2844,Low Income,433,37,6004,13,1
1154,2703,Low Income,773,39,22088,14,1
1156,1904,Low Income,247,80,13556,12,0
1157,8224,High Income,603,77,18385,17,0
1158,4766,Medium Income,167,46,9051,11,1
1160,2610,Low Income,874,72,6233,12,1
1161,5731,Medium Income,367,52,17171,13,2
1162,2539,Low Income,199,55,7950,13,1
1163,5714,Medium Income,1400,70,5829,20,0
1164,4323,Medium Income,528,100,7108,17,0
1165,7336,High Income,408,45,11162,13,1
1166,13499,High Income,593,88,13782,17,0
1167,13758,High Income,481,44,2447,12,0
1171,5155,Medium Income,647,45,2253,13,0
1172,2258,Low Income,982,58,16340,12,1
1173,3597,Medium Income,477,49,6409,22,0
1175,2515,Low Income,1485,79,22955,11,0
1177,4420,Medium Income,1384,82,13421,22,1
1179,6578,High Income,852,72,2706,18,1
1180,4422,Medium Income,902,92,21203,13,1
1182,10274,High Income,819,44,19588,18,1
1184,5343,Medium Income,669,97,25755,20,0
1185,2376,Low Income,636,47,26537,13,1
1188,5346,Medium Income,1372,85,9489,13,0
1190,2827,Low Income,862,76,14947,12,3
1191,19943,High Income,718,92,18575,13,1
1192,3131,Low Income,1401,54,26342,13,1
1193,2552,Low Income,645,54,7172,25,0
1195,4477,Medium Income,1457,83,20100,19,1
1196,6474,High Income,977,56,9961,13,1
1198,3033,Low Income,805,87,12828,12,0
1200,2936,Low Income,1097,96,10826,11,0
1201,18606,High Income,1223,50,18640,18,1
1202,2168,Low Income,942,69,26933,18,1
1203,2853,Low Income,1256,48,4223,11,1
1204,17048,High Income,1402,69,24097,23,0
1206,2290,Low Income,111,74,4279,13,0
1207,3600,Medium Income,147,99,8429,13,1
1210,2107,Low Income,906,95,20293,17,1
1211,4115,Medium Income,1329,61,13192,19,3
1212,4327,Medium Income,1184,62,25440,12,3
1215,17856,High Income,1421,30,9490,22,1
1216,3196,Low Income,1179,78,12449,12,3
1217,19081,High Income,1450,52,10849,11,1
1218,8966,High Income,1361,94,21026,15,3
1219,2210,Low Income,984,97,3372,13,1
1220,4539,Medium Income,1146,82,4905,12,1
1221,2741,Low Income,917,60,6865,14,1
1224,3491,Low Income,853,49,11309,13,3
1225,4541,Medium Income,200,32,7744,25,0
1226,2678,Low Income,654,43,5050,17,0
1228,7379,High Income,150,60,17433,11,1
1231,6272,Medium Income,179,79,12858,16,1
1233,5220,Medium Income,696,52,10893,18,1
1234,2743,Low Income,116,77,7331,20,1
1235,4998,Medium Income,1316,38,2338,14,0
1237,10252,High Income,363,77,4235,21,1
1238,2781,Low Income,117,60,6311,13,1
1239,6852,High Income,107,84,11591,12,1
1240,4950,Medium Income,1356,57,20623,14,0
1241,3579,Low Income,1465,63,9369,21,1
1242,13191,High Income,458,60,23281,17,0
1243,10377,High Income,1212,78,13755,11,1
1244,2235,Low Income,1103,42,14377,14,2
1245,10502,High Income,966,53,9659,17,1
1246,2011,Low Income,1117,72,19982,13,1
1248,1859,Low Income,504,96,6148,25,0
1249,3760,Medium Income,1010,97,5598,15,3
1250,17779,High Income,685,85,23474,14,0
1251,6833,High Income,1332,80,17089,12,0
1252,6812,High Income,1062,96,17198,19,0
1254,5171,Medium Income,326,48,16490,17,0
1255,19740,High Income,920,96,18625,14,1
1256,18711,High Income,1098,85,12124,13,1
1257,3692,Medium Income,469,46,9256,12,0
1258,2559,Low Income,969,76,16620,11,0
1259,2517,Low Income,1167,76,3208,11,3
1260,6623,High Income,1329,82,4204,11,2
1263,18265,High Income,715,76,8733,12,0
1264,16124,High Income,694,87,3423,14,2
1265,2585,Low Income,1320,89,21643,17,0
1267,18213,High Income,1099,88,8751,11,1
1268,8380,High Income,536,82,21708,14,2
1269,2994,Low Income,265,57,21221,12,0
1270,1223,Low Income,373,47,16901,22,1
1273,1118,Low Income,599,73,8040,14,0
1275,2875,Low Income,583,53,9973,20,0
1277,18824,High Income,1449,94,2493,16,0
1278,13577,High Income,177,37,25592,15,1
1279,2625,Low Income,251,45,25308,20,0
1280,18789,High Income,168,33,9946,14,1
1281,4538,Medium Income,131,86,6039,12,0
1282,19847,High Income,237,83,19196,24,1
1283,10512,High Income,1429,67,20002,12,0
1285,4444,Medium Income,135,46,22534,13,2
1286,2154,Low Income,791,44,6842,11,0
1288,19190,High Income,1199,92,17477,14,2
1289,4490,Medium Income,648,56,21833,11,2
1291,3506,Low Income,735,66,6020,14,0
1292,2372,Low Income,603,78,5628,16,0
1293,10231,High Income,531,56,20364,14,0
1294,5410,Medium Income,429,53,2323,11,0
1295,7978,High Income,621,73,14075,11,1
1296,3867,Medium Income,193,52,14222,12,1
1297,2838,Low Income,968,40,4257,14,0
1298,4695,Medium Income,879,72,12858,18,0
1299,3339,Low Income,806,39,17285,13,2
1301,2080,Low Income,640,84,4732,11,0
1303,2096,Low Income,266,40,18830,18,0
1304,6209,Medium Income,604,56,11693,15,2
1306,18061,High Income,364,83,13035,22,0
1307,17123,High Income,412,94,17334,13,2
1308,2372,Low Income,848,88,26076,12,2
1309,4883,Medium Income,1089,79,22845,18,1
1310,3904,Medium Income,360,93,22154,13,0
1311,4627,Medium Income,1138,48,23631,12,1
1312,7094,High Income,325,63,5747,12,0
1314,3423,Low Income,991,44,22957,12,0
1315,6674,High Income,1476,55,16392,11,3
1317,16880,High Income,1322,43,22422,11,0
1318,9094,High Income,299,57,17235,12,0
1319,8446,High Income,1030,64,21534,19,0
1321,11916,High Income,634,95,25927,23,2
1322,4534,Medium Income,524,32,13352,11,0
1324,9852,High Income,587,57,8935,19,1
1329,6151,Medium Income,256,40,22074,13,0
1331,2302,Low Income,1060,54,8319,11,0
1333,2362,Low Income,935,89,14669,12,0
1334,17861,High Income,495,37,26582,13,0
1336,19187,High Income,282,58,6992,14,1
1338,19717,High Income,206,99,4022,14,0
1340,3544,Low Income,458,74,8532,16,1
1344,8500,High Income,943,86,5494,11,1
1346,4661,Medium Income,523,98,22455,13,0
1349,4103,Medium Income,1018,66,4297,17,1
1350,4249,Medium Income,482,87,2690,11,0
1352,14026,High Income,770,84,17588,11,1
1355,6893,High Income,1009,31,19461,15,1
1356,6125,Medium Income,507,66,23553,12,0
1358,3669,Medium Income,882,67,9075,11,3
1360,10008,High Income,601,53,12023,14,0
1361,2387,Low Income,329,88,6762,22,1
1362,4639,Medium Income,607,83,2261,16,1
1363,7898,High Income,855,54,18706,11,0
1364,2534,Low Income,1291,98,6527,14,1
1367,13142,High Income,1405,82,24439,16,0
1368,1611,Low Income,1124,97,19305,15,0
1369,5363,Medium Income,817,60,10846,12,1
1371,5071,Medium Income,793,43,20392,20,0
1372,13695,High Income,267,85,9277,17,0
1373,13402,High Income,1369,68,18235,12,1
1374,2029,Low Income,999,92,15891,20,3
1375,6377,Medium Income,1202,89,13888,20,3
1377,5429,Medium Income,285,86,17491,13,2
1379,2785,Low Income,703,90,11882,14,0
1380,4614,Medium Income,662,67,23288,18,1
1382,2610,Low Income,693,57,15748,11,3
1383,6687,High Income,404,98,6163,11,0
1387,4724,Medium Income,736,48,24232,11,1
1389,6179,Medium Income,330,98,21057,15,2
1390,6120,Medium Income,1498,44,3567,12,2
1391,10596,High Income,541,52,15395,11,0
1392,5467,Medium Income,1200,75,13953,14,2
1394,2996,Low Income,1439,54,5182,15,0
1395,9998,High Income,1111,61,19293,13,0
1396,4078,Medium Income,499,36,20497,13,3
1397,10920,High Income,1485,71,3449,21,1
1399,6232,Medium Income,1372,93,12477,11,0
1401,13247,High Income,322,59,9731,11,1
1402,4081,Medium Income,930,73,20003,14,0
1403,5769,Medium Income,205,98,7100,11,0
1405,2394,Low Income,135,51,25681,13,0
1407,3904,Medium Income,683,36,4050,12,0
1408,16799,High Income,1147,31,16616,14,1
1409,2950,Low Income,258,54,17363,13,0
1411,3629,Medium Income,1462,94,19106,18,0
1412,9362,High Income,200,60,19944,11,0
1415,3229,Low Income,949,81,4910,11,1
1417,3578,Low Income,652,100,23577,12,0
1419,7988,High Income,332,51,9769,13,0
1420,4284,Medium Income,1475,97,22710,20,0
1421,7553,High Income,337,84,22930,12,0
1422,17328,High Income,971,54,5652,19,0
1423,19701,High Income,1055,76,22456,21,1
1424,14732,High Income,1136,81,12414,13,2
1425,9278,High Income,1174,99,20763,16,0
1427,1359,Low Income,667,50,16154,12,0
1428,4779,Medium Income,855,73,12761,14,2
1430,16422,High Income,182,93,8847,11,0
1431,2996,Low Income,560,91,20284,14,2
1433,1261,Low Income,202,34,22262,12,0
1434,2099,Low Income,1377,91,7679,14,0
1435,5810,Medium Income,172,37,22604,16,0
1436,5647,Medium Income,329,98,13494,13,2
1438,3420,Low Income,465,74,10205,12,1
1439,4400,Medium Income,383,68,15182,12,0
1440,3500,Low Income,1413,84,25470,14,0
1441,2066,Low Income,1255,90,10494,22,1
1443,17169,High Income,359,82,26703,19,2
1445,4162,Medium Income,1476,42,15211,12,2
1446,9204,High Income,601,97,23343,12,1
1447,3294,Low Income,401,86,3708,17,1
1448,2127,Low Income,1283,90,5561,12,0
1449,3975,Medium Income,663,81,23099,11,2
1453,10793,High Income,326,31,8386,18,1
1457,10096,High Income,377,52,15986,11,1
1458,3646,Medium Income,592,54,17181,23,0
1459,7446,High Income,1445,100,8931,11,0
1460,10851,High Income,1038,95,19863,18,1
1461,2109,Low Income,1398,96,24609,18,0
1464,3722,Medium Income,523,94,21081,13,1
1465,9380,High Income,1448,55,14720,18,2
1466,5486,Medium Income,1221,96,24795,11,3
1467,2742,Low Income,1107,52,3072,15,0
1468,13757,High Income,218,55,25178,11,1
1469,8463,High Income,866,84,23490,18,0
1471,3162,Low Income,981,90,7973,14,0
1472,16598,High Income,447,39,19764,12,0
1473,6651,High Income,1495,96,21534,14,1
1474,2345,Low Income,896,68,8045,14,1
1475,3420,Low Income,1467,49,21158,13,0
1477,4373,Medium Income,430,54,17456,14,2
1478,4759,Medium Income,1326,81,15891,18,0
1479,5301,Medium Income,1358,96,2939,15,2
1480,3673,Medium Income,748,74,16458,13,0
1481,4768,Medium Income,383,79,9282,12,1
1482,1274,Low Income,990,64,7152,13,2
1483,4900,Medium Income,405,93,2721,24,1
1484,10466,High Income,1490,35,20948,14,2
1485,17007,High Income,829,71,11929,14,2
1486,2909,Low Income,1496,92,15747,15,1
1487,5765,Medium Income,115,51,17485,11,0
1489,4599,Medium Income,790,40,7815,23,0
1492,2404,Low Income,660,76,16192,13,1
1494,3172,Low Income,381,89,16998,11,0
1495,2033,Low Income,830,78,7103,13,1
1496,10209,High Income,1193,86,19719,18,0
1497,8620,High Income,1246,77,23757,14,2
1499,2064,Low Income,330,46,15428,21,1
1501,4035,Medium Income,1229,30,16143,16,0
1502,3838,Medium Income,1099,82,8192,11,0
1503,4591,Medium Income,571,78,24200,17,1
1504,2561,Low Income,289,38,5355,11,0
1506,1563,Low Income,1423,72,12530,14,1
1507,4898,Medium Income,467,55,11827,14,0
1509,4789,Medium Income,271,43,23070,25,1
1513,3180,Low Income,410,97,4668,13,3
1514,6549,High Income,1083,96,3173,14,2
1515,6388,Medium Income,516,69,22049,17,0
1516,11244,High Income,495,64,21072,25,0
1520,16032,High Income,1050,87,24456,20,1
1522,2362,Low Income,224,100,7568,13,0
1523,16328,High Income,136,32,22074,13,1
1525,8376,High Income,1089,32,9150,18,0
1527,16606,High Income,228,51,11380,12,1
1529,8606,High Income,1029,91,21195,19,0
1533,2272,Low Income,507,97,24812,14,0
1534,2018,Low Income,676,86,21831,14,0
1535,7083,High Income,971,64,12288,14,0
1537,4084,Medium Income,561,33,4156,12,0
1539,14411,High Income,333,88,24450,13,0
1541,2308,Low Income,1440,55,4944,25,1
1542,4841,Medium Income,1210,68,24052,14,1
1543,4285,Medium Income,674,47,3031,17,0
1544,9715,High Income,441,39,7288,13,1
1545,4320,Medium Income,575,44,24152,13,0
1546,2132,Low Income,950,97,4585,20,1
1547,10124,High Income,288,40,18611,14,1
1548,5473,Medium Income,1342,47,19345,12,0
1549,5207,Medium Income,589,79,22949,12,1
1550,16437,High Income,898,38,17381,21,0
1551,2296,Low Income,350,57,10036,14,3
1552,4069,Medium Income,1142,72,8841,18,0
1553,7441,High Income,538,66,20933,12,3
1554,2430,Low Income,1402,98,26204,23,2
1555,5878,Medium Income,824,67,15624,12,1
1556,2644,Low Income,1157,70,17001,21,0
1557,6439,Medium Income,492,96,13693,14,1
1558,2451,Low Income,598,91,22376,18,2
1560,6392,Medium Income,1242,46,10589,13,1
1562,9714,High Income,740,64,5323,11,1
1563,6077,Medium Income,888,71,14814,11,0
1564,2450,Low Income,992,68,21731,19,0
1568,9250,High Income,1288,33,17799,12,1
1569,2074,Low Income,104,69,26619,12,1
1572,10169,High Income,607,78,14618,16,1
1573,4855,Medium Income,903,81,7653,11,2
1574,4087,Medium Income,1200,62,25174,14,1
1576,2367,Low Income,1108,65,16530,12,1
1577,2972,Low Income,479,35,22061,13,0
1578,19586,High Income,685,60,23037,21,1
1580,5484,Medium Income,1351,45,13008,17,1
1581,2061,Low Income,474,89,11133,21,0
1582,9924,High Income,1245,80,12355,11,1
1583,4198,Medium Income,437,90,16379,12,0
1585,6815,High Income,884,73,21447,13,0
1586,4723,Medium Income,1370,87,16213,18,0
1587,6142,Medium Income,670,51,4223,16,0
1588,8237,High Income,1462,38,4658,11,1
1590,8853,High Income,995,87,24483,19,1
1591,19331,High Income,264,59,19519,16,1
1592,2073,Low Income,977,45,12826,16,1
1594,5562,Medium Income,1302,80,19711,13,1
1595,19613,High Income,1059,93,26362,22,0
1596,3407,Low Income,750,46,25348,17,2
1597,5063,Medium Income,653,92,15332,14,1
1598,4639,Medium Income,118,84,11262,15,1
1599,4876,Medium Income,990,87,5855,12,1
1601,2690,Low Income,1349,63,7713,18,1
1602,17567,High Income,563,56,3156,15,0
1604,2408,Low Income,329,51,7324,17,3
1605,2814,Low Income,457,85,10293,14,0
1606,11245,High Income,1234,41,20689,15,1
1607,3312,Low Income,634,35,18783,17,2
1608,19049,High Income,1313,31,3549,14,1
1609,2141,Low Income,241,48,5348,12,1
1611,5769,Medium Income,1015,50,23447,14,0
1612,4385,Medium Income,336,52,24162,15,1
1613,5332,Medium Income,715,54,21602,13,0
1614,4663,Medium Income,559,76,12421,12,2
1615,4724,Medium Income,426,42,17000,13,1
1617,3211,Low Income,722,84,22102,14,1
1618,5377,Medium Income,1387,76,3835,13,3
1619,4066,Medium Income,1302,67,16290,11,2
1621,5208,Medium Income,819,48,26312,11,0
1622,4877,Medium Income,580,39,20460,21,1
1623,3117,Low Income,546,97,26009,18,0
1624,1569,Low Income,544,70,18420,12,0
1625,19658,High Income,1176,98,5220,11,1
1627,3069,Low Income,170,76,10302,15,1
1628,10435,High Income,884,80,25800,13,2
1630,4148,Medium Income,208,52,12250,12,1
1631,5768,Medium Income,671,85,26493,17,3
1633,5042,Medium Income,711,81,3140,13,0
1635,5770,Medium Income,1329,59,5388,19,2
1638,7756,High Income,397,54,14199,19,1
1639,10306,High Income,737,55,21530,17,0
1640,3936,Medium Income,1470,71,9953,11,1
1641,7945,High Income,448,84,19948,15,0
1642,5743,Medium Income,602,37,10503,11,0
1644,15202,High Income,365,89,5602,25,1
1645,5440,Medium Income,763,59,22098,14,2
1646,3760,Medium Income,567,32,17218,13,0
1647,3517,Low Income,486,86,22490,17,0
1648,2580,Low Income,591,87,6297,13,0
1649,2166,Low Income,1329,73,3339,14,0
1650,5869,Medium Income,469,42,23413,11,0
1651,8008,High Income,711,42,22792,12,2
1653,5206,Medium Income,772,77,4973,17,2
1654,5295,Medium Income,492,66,7693,21,0
1655,16413,High Income,301,72,3498,16,2
1656,13269,High Income,813,50,21981,15,3
1657,2783,Low Income,1141,31,13251,19,0
1658,5433,Medium Income,1130,66,19332,12,1
1659,2013,Low Income,311,77,10950,11,0
1661,13966,High Income,465,41,11652,19,1
1662,4374,Medium Income,894,33,15411,15,0
1664,6842,High Income,1040,79,26308,20,1
1665,17426,High Income,584,91,18685,25,1
1666,17603,High Income,1291,65,3525,24,1
1667,4581,Medium Income,880,36,10414,24,0
1668,4735,Medium Income,1189,90,9867,15,2
1669,4187,Medium Income,991,43,3356,13,1
1670,5505,Medium Income,392,93,3921,14,2
1671,5470,Medium Income,977,45,25518,13,2
1673,5476,Medium Income,1112,67,22589,11,2
1674,2587,Low Income,464,74,24941,16,1
1675,2440,Low Income,148,42,23826,22,0
1676,15972,High Income,1225,47,21086,14,3
1677,15379,High Income,809,36,22384,14,0
1678,7082,High Income,1206,80,11591,16,0
1680,2728,Low Income,727,54,21082,11,0
1681,5368,Medium Income,530,36,16130,25,1
1682,5347,Medium Income,1351,80,7419,14,2
1683,3195,Low Income,528,44,4167,18,3
1684,3989,Medium Income,1320,93,20586,11,0
1687,3306,Low Income,1495,87,26176,19,1
1689,7005,High Income,1395,48,3458,15,0
1691,2655,Low Income,708,95,11740,11,2
1692,1393,Low Income,1259,95,24852,12,0
1693,2570,Low Income,786,76,11925,20,0
1694,3537,Low Income,1441,94,23737,12,1
1696,3986,Medium Income,1157,57,11912,14,1
1697,10883,High Income,370,92,20467,20,1
1698,2028,Low Income,267,79,13637,18,3
1700,9525,High Income,1278,31,7677,14,2
1701,2929,Low Income,678,35,20338,12,0
1702,2275,Low Income,427,99,25103,21,1
1703,7879,High Income,921,96,14810,19,1
1704,4930,Medium Income,146,79,13970,14,0
1706,7847,High Income,1179,73,6069,17,1
1707,4401,Medium Income,581,62,17616,16,1
1708,9241,High Income,918,35,15869,12,0
1709,2974,Low Income,1082,43,25412,17,1
1710,4502,Medium Income,530,51,7439,15,0
1712,10748,High Income,1238,74,3395,23,1
1714,1555,Low Income,240,58,11585,11,1
1716,12936,High Income,1093,82,24164,11,0
1718,2305,Low Income,390,62,6217,15,3
1719,16704,High Income,1005,48,17119,11,0
1720,3433,Low Income,585,56,17360,13,1
1721,3477,Low Income,741,69,18103,14,1
1722,6430,Medium Income,552,60,20794,19,1
1724,6516,High Income,369,92,5041,16,1
1725,3907,Medium Income,506,91,3622,13,3
1727,5562,Medium Income,717,34,9697,14,0
1728,6883,High Income,1370,49,5151,16,1
1729,2862,Low Income,793,33,3811,12,1
1731,4978,Medium Income,543,87,3536,11,1
1732,10368,High Income,1277,74,5596,12,1
1733,6134,Medium Income,1456,96,8658,13,3
1734,6735,High Income,964,34,12147,15,0
1735,3295,Low Income,160,51,12862,13,0
1736,5238,Medium Income,163,30,6670,20,0
1737,6472,High Income,792,77,8989,15,1
1739,9610,High Income,371,80,3840,13,1
1740,19833,High Income,611,88,4349,14,0
1744,9756,High Income,176,56,6595,21,2
1745,4968,Medium Income,1312,78,26427,16,0
1746,2145,Low Income,897,59,2097,14,1
1747,2180,Low Income,600,66,9732,11,1
1749,8346,High Income,1003,51,20943,19,1
1751,3445,Low Income,1054,67,6152,11,0
1752,2760,Low Income,428,52,14630,13,0
1753,6294,Medium Income,461,70,23060,12,0
1754,7140,High Income,979,94,3088,11,1
1755,2932,Low Income,181,97,5586,14,3
1756,5147,Medium Income,1283,62,10697,15,0
1757,4507,Medium Income,1313,80,8191,12,0
1758,8564,High Income,211,74,10092,20,0
1760,2468,Low Income,594,75,15963,14,1
1761,8161,High Income,1079,70,19002,13,3
1762,2109,Low Income,590,91,10007,13,1
1763,5294,Medium Income,305,58,9128,16,1
1764,2718,Low Income,953,65,17674,14,0
1766,5811,Medium Income,833,60,24539,16,1
1767,2437,Low Income,807,38,15587,16,1
1768,2766,Low Income,855,57,8952,22,3
1770,19038,High Income,478,60,19805,12,3
1771,3055,Low Income,775,90,6194,15,2
1772,2289,Low Income,548,94,20520,20,2
1774,4001,Medium Income,1375,87,12313,14,1
1775,12965,High Income,661,60,22308,20,3
1778,3539,Low Income,244,97,5033,13,0
1779,6029,Medium Income,511,32,25353,12,0
1780,2679,Low Income,337,31,4567,13,0
1782,3702,Medium Income,1153,40,16376,11,1
1783,2398,Low Income,1294,79,15999,17,0
1784,5468,Medium Income,196,91,13402,14,2
1786,13116,High Income,942,53,22984,11,0
1787,4189,Medium Income,589,46,8800,14,2
1789,19328,High Income,734,46,14218,17,1
1790,8321,High Income,1383,90,25949,13,1
1792,2342,Low Income,429,99,11092,12,3
1794,4071,Medium Income,1239,89,12832,13,0
1797,5813,Medium Income,303,84,13492,18,0
1798,3143,Low Income,867,90,6076,19,1
1799,2044,Low Income,1181,82,5531,11,1
1800,13464,High Income,1253,65,7914,21,0
1801,7991,High Income,849,98,25166,15,0
1802,3377,Low Income,616,99,25605,17,1
1803,5538,Medium Income,1128,95,5696,18,2
1804,5762,Medium Income,1180,90,24442,14,1
1805,2592,Low Income,1336,100,7129,13,3
1807,5346,Medium Income,234,93,6208,17,1
1809,4213,Medium Income,370,58,4992,15,0
1812,4127,Medium Income,766,83,19188,18,1
1813,2438,Low Income,343,52,24978,13,0
1814,6870,High Income,447,85,15530,12,0
1815,10447,High Income,796,81,26458,13,1
1816,9667,High Income,1092,64,2739,14,0
1818,2148,Low Income,920,69,6889,11,0
1821,8926,High Income,261,66,10842,22,1
1822,6513,High Income,1194,52,9060,17,1
1823,6799,High Income,810,92,22128,21,2
1824,16291,High Income,350,52,22577,22,1
1826,2705,Low Income,185,91,9696,16,1
1827,10333,High Income,1001,92,19271,12,1
1829,4448,Medium Income,750,47,10748,12,1
1830,6854,High Income,431,68,15696,15,1
1833,9637,High Income,1125,68,8277,14,2
1834,3591,Low Income,1217,67,12719,25,1
1835,5405,Medium Income,723,77,4244,20,2
1836,4684,Medium Income,572,46,9125,13,0
1837,15787,High Income,1216,87,21624,14,0
1839,1514,Low Income,1431,33,8018,16,0
1842,2956,Low Income,359,89,21495,17,0
1844,2335,Low Income,350,56,3157,15,3
1845,5154,Medium Income,589,67,19665,22,2
1847,6962,High Income,430,73,19573,22,1
1849,5675,Medium Income,1422,92,19246,20,1
1850,2379,Low Income,1297,53,19826,14,0
1852,3812,Medium Income,574,40,7003,13,0
1853,4648,Medium Income,1318,79,26075,13,0
1854,2936,Low Income,355,38,6161,22,2
1856,2105,Low Income,207,64,5411,12,0
1857,8578,High Income,706,82,19989,14,1
1858,2706,Low Income,280,43,10494,15,1
1859,6384,Medium Income,726,93,21143,17,2
1860,3968,Medium Income,1142,81,13624,13,0
1862,9907,High Income,414,82,26186,12,0
1863,13225,High Income,1319,45,7739,12,1
1864,3540,Low Income,728,36,7018,21,1
1865,2804,Low Income,352,87,15434,11,0
1866,19392,High Income,823,81,22539,13,0
1867,19665,High Income,1224,91,13583,12,0
1868,2439,Low Income,459,73,14753,24,0
1869,7314,High Income,1254,64,14011,21,3
1870,4774,Medium Income,1131,77,23844,19,1
1871,3902,Medium Income,835,41,5141,14,3
1873,2662,Low Income,836,98,7975,20,1
1875,2856,Low Income,1172,78,3692,19,1
1876,1081,Low Income,945,89,16019,13,0
1878,2472,Low Income,391,75,26092,23,0
1880,5673,Medium Income,1266,63,6060,13,1
1881,4197,Medium Income,311,89,18624,11,1
1882,9713,High Income,1480,64,24444,13,3
1883,2062,Low Income,592,59,19384,14,0
1885,4284,Medium Income,783,78,13588,22,1
1886,4788,Medium Income,219,44,25388,11,0
1888,5906,Medium Income,556,93,23888,13,2
1890,3886,Medium Income,1213,94,4223,21,0
1892,16823,High Income,1137,98,18991,11,1
1893,2933,Low Income,482,90,14908,13,1
1898,6500,High Income,511,89,26997,14,0
1900,17174,High Income,117,58,2437,11,1
1903,5033,Medium Income,170,78,9364,15,1
1905,2307,Low Income,967,85,14460,23,1
1907,2587,Low Income,1162,97,10261,16,0
1908,5507,Medium Income,335,33,16822,16,2
1909,4393,Medium Income,337,54,26841,21,1
1911,13348,High Income,1396,83,14842,13,1
1912,6583,High Income,1079,86,20115,11,1
1915,8103,High Income,735,75,16495,12,0
1916,3978,Medium Income,471,62,16031,12,1
1918,2544,Low Income,1096,61,7102,18,1
1922,5399,Medium Income,1297,44,14511,12,0
1924,5487,Medium Income,217,43,10410,14,0
1927,6834,High Income,783,42,19255,12,1
1928,1091,Low Income,746,45,10642,17,0
1929,5736,Medium Income,1251,32,3987,19,1
1931,2226,Low Income,1354,41,6073,11,1
1932,5747,Medium Income,735,86,26496,15,0
1933,9854,High Income,1475,84,23352,11,0
1934,5467,Medium Income,1169,64,2125,18,1
1935,5380,Medium Income,1443,89,20328,16,1
1936,5151,Medium Income,867,87,12315,25,1
1937,2133,Low Income,1394,58,18115,16,1
1938,17875,High Income,605,72,11761,13,1
1939,2432,Low Income,238,47,15318,14,0
1940,4771,Medium Income,1206,71,14293,19,2
1941,19161,High Income,1064,42,13738,15,0
1943,5087,Medium Income,419,77,2900,12,2
1944,2863,Low Income,1337,58,19555,12,0
1945,5561,Medium Income,682,71,15975,16,1
1947,2144,Low Income,1103,49,2122,14,0
1948,3065,Low Income,976,48,3995,13,1
1949,2810,Low Income,1351,66,9238,22,0
1950,9888,High Income,937,32,6770,21,0
1951,8628,High Income,1239,39,22914,18,1
1952,2867,Low Income,157,95,20006,13,0
1954,5373,Medium Income,136,89,6225,12,1
1955,6667,High Income,1146,34,16542,18,1
1956,5003,Medium Income,1125,48,5771,21,0
1960,2367,Low Income,1404,32,18779,12,1
1961,2858,Low Income,1404,59,11473,14,0
1962,5204,Medium Income,1224,55,13586,11,0
1965,4105,Medium Income,954,44,5099,14,0
1966,9679,High Income,1373,56,10138,24,0
1967,5617,Medium Income,754,63,21075,11,0
1968,10448,High Income,1168,66,5843,13,0
1969,2897,Low Income,155,67,22474,11,2
1970,5968,Medium Income,1303,36,18079,20,3
1971,7510,High Income,574,30,16873,17,1
1972,2991,Low Income,1444,88,5224,11,1
1973,19636,High Income,189,71,25811,18,1
1974,1129,Low Income,1276,59,17536,11,3
1975,13341,High Income,119,77,25098,12,0
1976,4332,Medium Income,335,37,14811,12,0
1979,11031,High Income,697,40,26862,20,1
1980,4440,Medium Income,157,77,25198,19,0
1981,4617,Medium Income,771,45,14120,12,0
1982,2647,Low Income,571,78,13672,13,0
1985,6323,Medium Income,692,73,26849,11,1
1986,5677,Medium Income,444,92,4258,14,1
1987,2187,Low Income,309,82,19655,14,0
1989,3748,Medium Income,911,76,4077,13,0
1992,3977,Medium Income,977,57,7298,19,1
1993,8633,High Income,1180,84,13084,23,0
1994,2008,Low Income,1313,59,20439,12,3
1995,4440,Medium Income,1321,86,7636,15,2
1996,3067,Low Income,1154,54,6393,19,1
1997,5321,Medium Income,508,72,14284,11,1
1998,5410,Medium Income,557,35,11189,17,1
1999,2782,Low Income,642,76,21412,22,1
2000,11957,High Income,1162,98,17231,18,2
2003,2660,Low Income,1490,43,20232,11,1
2007,3375,Low Income,581,63,17624,12,0
2008,5098,Medium Income,1395,48,18698,19,0
2009,4878,Medium Income,501,95,21653,13,1
2010,2837,Low Income,267,49,15919,13,0
2012,2406,Low Income,543,83,4060,19,2
2013,2269,Low Income,234,68,18024,14,1
2014,4108,Medium Income,116,52,5340,13,0
2015,13206,High Income,201,99,3376,12,1
2016,10422,High Income,801,48,24032,19,2
2017,13744,High Income,161,42,15471,25,1
2018,4907,Medium Income,1382,85,13684,22,1
2019,3482,Low Income,585,40,19788,15,2
2020,2436,Low Income,1037,42,13422,12,0
2021,2380,Low Income,501,58,25479,11,0
2022,19431,High Income,105,87,15302,13,0
2023,1790,Low Income,638,33,26956,19,1
2024,7644,High Income,557,94,12695,19,2
2025,5131,Medium Income,688,97,9192,13,3
2026,6306,Medium Income,667,57,26236,21,1
2027,4787,Medium Income,1092,36,26124,14,3
2031,18880,High Income,300,56,17312,11,0
2032,2339,Low Income,310,72,3666,11,1
2034,13570,High Income,582,60,5640,23,1
2035,6712,High Income,704,95,8978,21,2
2036,5406,Medium Income,301,88,10436,24,1
2037,8938,High Income,930,57,12227,11,1
2038,2439,Low Income,529,78,11288,14,0
2040,8837,High Income,1146,31,16642,16,0
2041,5343,Medium Income,345,100,5982,11,1
2044,6728,High Income,878,94,14255,12,2
2045,6652,High Income,1120,100,14369,13,1
2046,4850,Medium Income,374,50,23333,15,0
2048,2809,Low Income,1322,52,2725,14,0
2049,5689,Medium Income,1199,80,24594,14,2
2051,2001,Low Income,1194,98,12549,14,3
2052,2977,Low Income,287,62,8952,12,1
2053,4025,Medium Income,1378,46,23679,13,1
2054,3785,Medium Income,468,73,8489,14,0
2055,10854,High Income,410,39,16586,13,1
2056,12031,High Income,722,60,8828,11,1
2057,9936,High Income,325,74,3787,19,0
2060,2966,Low Income,1167,30,21378,18,0
2061,2571,Low Income,884,41,12290,17,1
2062,9991,High Income,613,42,21457,15,1
2064,6142,Medium Income,155,87,5174,20,1
2065,5390,Medium Income,1023,63,13243,14,0
2068,4404,Medium Income,628,82,10228,12,0
