EmployeeNumber,Age,AgeGroup,Gender,MaritalStatus,Education,EducationField,DistanceFromHome
1,41,36-45,Female,Single,2,Life Sciences,1
2,49,46+,Male,Married,1,Life Sciences,8
4,37,36-45,Male,Single,2,Other,2
5,33,26-35,Female,Married,4,Life Sciences,3
7,27,26-35,Male,Married,1,Medical,2
8,32,26-35,Male,Single,2,Life Sciences,2
10,59,46+,Female,Married,3,Medical,3
11,30,26-35,Male,Divorced,1,Life Sciences,24
12,38,36-45,Male,Single,3,Life Sciences,23
13,36,36-45,Male,Married,3,Medical,27
14,35,26-35,Male,Married,3,Medical,16
15,29,26-35,Female,Single,2,Life Sciences,15
16,31,26-35,Male,Divorced,1,Life Sciences,26
18,34,26-35,Male,Divorced,2,Medical,19
19,28,26-35,Male,Single,3,Life Sciences,24
20,29,26-35,Female,Divorced,4,Life Sciences,21
21,32,26-35,Male,Divorced,2,Life Sciences,5
22,22,18-25,Male,Divorced,2,Medical,16
23,53,46+,Female,Married,4,Life Sciences,2
24,38,36-45,Male,Single,3,Life Sciences,2
26,24,18-25,Female,Divorced,2,Other,11
27,36,36-45,Male,Single,4,Life Sciences,9
28,34,26-35,Female,Single,4,Life Sciences,7
30,21,18-25,Male,Single,2,Life Sciences,15
31,34,26-35,Male,Single,1,Medical,6
32,53,46+,Female,Divorced,3,Other,5
33,32,26-35,Female,Single,1,Life Sciences,16
35,42,36-45,Male,Married,4,Marketing,8
36,44,36-45,Female,Married,4,Medical,7
38,46,46+,Female,Single,4,Marketing,2
39,33,26-35,Male,Single,3,Medical,2
40,44,36-45,Male,Married,4,Other,10
41,30,26-35,Male,Single,2,Medical,9
42,39,36-45,Male,Married,3,Technical Degree,5
45,24,18-25,Male,Married,3,Medical,1
46,43,36-45,Female,Divorced,2,Medical,2
47,50,46+,Male,Married,2,Marketing,3
49,35,26-35,Female,Married,3,Marketing,2
51,36,36-45,Female,Married,4,Life Sciences,5
52,33,26-35,Female,Married,3,Life Sciences,1
53,35,26-35,Male,Divorced,2,Other,4
54,27,26-35,Female,Divorced,4,Life Sciences,2
55,26,26-35,Male,Single,3,Life Sciences,25
56,27,26-35,Male,Single,3,Life Sciences,8
57,30,26-35,Female,Single,2,Medical,1
58,41,36-45,Female,Married,3,Technical Degree,12
60,34,26-35,Male,Single,4,Marketing,23
61,37,36-45,Male,Married,2,Life Sciences,19
62,46,46+,Male,Single,4,Marketing,5
63,35,26-35,Male,Married,1,Life Sciences,8
64,48,46+,Male,Single,2,Life Sciences,1
65,28,26-35,Male,Single,4,Technical Degree,5
68,44,36-45,Female,Divorced,5,Marketing,1
70,35,26-35,Male,Married,2,Medical,11
72,26,26-35,Female,Married,3,Marketing,23
73,33,26-35,Female,Single,2,Life Sciences,1
74,35,26-35,Male,Married,5,Life Sciences,18
75,35,26-35,Female,Married,4,Medical,23
76,31,26-35,Male,Divorced,4,Life Sciences,7
77,37,36-45,Male,Divorced,4,Life Sciences,1
78,32,26-35,Male,Married,3,Medical,1
79,38,36-45,Female,Single,5,Life Sciences,29
80,50,46+,Female,Divorced,2,Medical,7
81,59,46+,Female,Single,3,Life Sciences,25
83,36,36-45,Female,Divorced,3,Technical Degree,8
84,55,46+,Female,Divorced,3,Medical,8
85,36,36-45,Male,Single,3,Life Sciences,11
86,45,36-45,Male,Divorced,3,Life Sciences,7
88,35,26-35,Male,Married,3,Medical,1
90,36,36-45,Male,Married,3,Medical,9
91,59,46+,Female,Single,1,Life Sciences,1
94,29,26-35,Male,Married,3,Life Sciences,2
95,31,26-35,Male,Single,4,Medical,1
96,32,26-35,Male,Married,3,Life Sciences,1
97,36,36-45,Female,Married,3,Life Sciences,6
98,31,26-35,Female,Single,4,Life Sciences,8
100,35,26-35,Male,Single,4,Marketing,1
101,45,36-45,Male,Married,4,Other,6
102,37,36-45,Male,Single,4,Medical,7
103,46,46+,Male,Divorced,2,Medical,5
104,30,26-35,Male,Married,1,Life Sciences,1
105,35,26-35,Male,Single,3,Medical,1
106,55,46+,Male,Married,2,Life Sciences,1
107,38,36-45,Female,Divorced,3,Medical,6
110,34,26-35,Male,Married,2,Medical,1
112,56,46+,Male,Single,3,Life Sciences,7
113,23,18-25,Male,Divorced,1,Technical Degree,2
116,51,46+,Male,Married,4,Life Sciences,9
117,30,26-35,Male,Married,3,Life Sciences,2
118,46,46+,Male,Single,2,Medical,9
119,40,36-45,Male,Married,4,Life Sciences,1
120,51,46+,Male,Single,4,Marketing,21
121,30,26-35,Female,Divorced,2,Medical,4
124,46,46+,Male,Married,3,Medical,1
125,32,26-35,Male,Single,4,Medical,6
126,54,46+,Female,Married,4,Technical Degree,2
128,24,18-25,Female,Married,2,Other,3
129,28,26-35,Male,Married,3,Medical,4
131,58,46+,Male,Single,4,Medical,10
132,44,36-45,Male,Married,3,Medical,23
133,37,36-45,Male,Divorced,4,Human Resources,6
134,32,26-35,Male,Single,1,Life Sciences,1
137,20,18-25,Female,Single,3,Life Sciences,6
138,34,26-35,Female,Single,4,Other,6
139,37,36-45,Male,Divorced,2,Life Sciences,2
140,59,46+,Female,Married,4,Human Resources,2
141,50,46+,Female,Married,3,Life Sciences,1
142,25,18-25,Male,Single,3,Marketing,5
143,25,18-25,Male,Married,1,Medical,7
144,22,18-25,Female,Single,3,Medical,15
145,51,46+,Female,Single,4,Medical,1
147,34,26-35,Male,Single,3,Life Sciences,7
148,54,46+,Female,Single,3,Human Resources,26
150,24,18-25,Male,Married,1,Life Sciences,18
151,34,26-35,Female,Divorced,4,Life Sciences,6
152,37,36-45,Male,Single,3,Life Sciences,3
153,34,26-35,Female,Single,3,Medical,5
154,36,36-45,Female,Married,2,Technical Degree,11
155,36,36-45,Female,Divorced,2,Life Sciences,3
158,43,36-45,Male,Married,2,Life Sciences,26
159,30,26-35,Male,Divorced,3,Life Sciences,23
160,33,26-35,Male,Married,2,Marketing,22
161,56,46+,Female,Married,4,Life Sciences,14
162,51,46+,Male,Single,3,Life Sciences,6
163,31,26-35,Male,Married,4,Life Sciences,6
164,26,26-35,Female,Married,3,Other,6
165,58,46+,Female,Married,4,Medical,23
167,19,18-25,Male,Single,1,Marketing,22
169,22,18-25,Male,Married,1,Technical Degree,2
170,49,46+,Female,Married,4,Medical,20
171,43,36-45,Female,Single,3,Medical,28
174,50,46+,Female,Single,3,Marketing,12
175,31,26-35,Female,Married,3,Life Sciences,20
176,41,36-45,Male,Divorced,1,Life Sciences,9
177,26,26-35,Female,Married,1,Life Sciences,25
178,36,36-45,Male,Divorced,2,Medical,6
179,51,46+,Male,Single,4,Life Sciences,8
182,39,36-45,Female,Married,4,Life Sciences,4
183,25,18-25,Male,Married,3,Life Sciences,28
184,30,26-35,Male,Married,3,Human Resources,9
190,32,26-35,Female,Single,3,Medical,9
192,45,36-45,Male,Single,3,Medical,29
193,38,36-45,Female,Single,5,Technical Degree,3
194,30,26-35,Female,Single,3,Life Sciences,18
195,32,26-35,Male,Divorced,2,Medical,9
197,30,26-35,Female,Divorced,3,Technical Degree,5
198,30,26-35,Male,Single,1,Medical,2
199,41,36-45,Male,Divorced,3,Life Sciences,10
200,41,36-45,Male,Married,4,Life Sciences,9
201,19,18-25,Female,Single,1,Medical,3
202,40,36-45,Female,Divorced,3,Medical,26
204,35,26-35,Male,Married,5,Marketing,1
205,53,46+,Male,Married,2,Marketing,6
206,45,36-45,Male,Divorced,3,Life Sciences,9
207,32,26-35,Female,Single,3,Marketing,8
208,29,26-35,Male,Married,1,Technical Degree,1
211,51,46+,Male,Married,4,Medical,7
214,58,46+,Female,Married,3,Medical,9
215,40,36-45,Male,Married,4,Marketing,4
216,34,26-35,Female,Married,4,Marketing,2
217,22,18-25,Male,Married,1,Medical,19
218,27,26-35,Male,Divorced,3,Medical,9
221,28,26-35,Male,Married,3,Medical,21
223,57,46+,Male,Divorced,2,Life Sciences,24
224,27,26-35,Male,Divorced,3,Medical,3
226,50,46+,Female,Single,3,Life Sciences,11
227,41,36-45,Male,Divorced,3,Life Sciences,14
228,30,26-35,Female,Married,3,Life Sciences,5
230,38,36-45,Female,Single,4,Life Sciences,1
231,32,26-35,Male,Single,5,Life Sciences,6
233,27,26-35,Male,Married,3,Technical Degree,17
235,19,18-25,Female,Single,1,Technical Degree,1
238,36,36-45,Male,Single,2,Medical,3
239,30,26-35,Male,Divorced,3,Medical,9
240,45,36-45,Female,Divorced,2,Life Sciences,4
241,56,46+,Female,Divorced,3,Life Sciences,8
242,33,26-35,Male,Single,3,Life Sciences,2
243,19,18-25,Male,Single,3,Life Sciences,2
244,46,46+,Female,Divorced,2,Marketing,1
245,38,36-45,Female,Single,2,Life Sciences,9
246,31,26-35,Female,Married,1,Medical,12
247,34,26-35,Female,Single,2,Medical,27
248,41,36-45,Female,Single,2,Marketing,20
249,50,46+,Male,Married,3,Medical,1
250,53,46+,Female,Divorced,2,Medical,13
252,33,26-35,Female,Married,3,Medical,14
253,40,36-45,Female,Married,1,Medical,4
254,55,46+,Male,Single,4,Medical,14
256,34,26-35,Male,Married,1,Life Sciences,2
258,51,46+,Female,Single,3,Medical,3
259,52,46+,Male,Married,4,Life Sciences,1
260,27,26-35,Female,Single,3,Medical,9
261,35,26-35,Male,Married,2,Life Sciences,23
262,43,36-45,Male,Divorced,3,Medical,7
264,45,36-45,Male,Married,2,Medical,2
267,37,36-45,Male,Married,3,Life Sciences,21
269,35,26-35,Female,Single,3,Medical,2
270,42,36-45,Female,Divorced,2,Medical,21
271,38,36-45,Male,Married,4,Life Sciences,2
273,38,36-45,Male,Married,3,Technical Degree,29
274,27,26-35,Male,Married,1,Technical Degree,1
275,49,46+,Male,Divorced,4,Life Sciences,18
277,34,26-35,Male,Divorced,4,Medical,10
281,40,36-45,Male,Married,2,Medical,19
282,38,36-45,Male,Married,1,Medical,29
283,29,26-35,Female,Married,3,Marketing,27
284,22,18-25,Male,Divorced,3,Life Sciences,5
286,36,36-45,Female,Single,1,Medical,18
287,40,36-45,Male,Married,5,Life Sciences,9
288,46,46+,Male,Divorced,4,Medical,1
291,32,26-35,Male,Married,4,Medical,4
292,30,26-35,Male,Single,1,Life Sciences,1
293,27,26-35,Female,Single,3,Life Sciences,20
296,51,46+,Male,Married,4,Life Sciences,8
297,30,26-35,Female,Single,3,Technical Degree,3
298,41,36-45,Female,Single,3,Life Sciences,6
299,30,26-35,Female,Single,4,Marketing,26
300,29,26-35,Male,Single,3,Technical Degree,1
302,45,36-45,Female,Single,3,Medical,6
303,54,46+,Female,Married,3,Marketing,3
304,36,36-45,Male,Single,2,Life Sciences,5
305,33,26-35,Female,Married,4,Medical,4
306,37,36-45,Male,Divorced,3,Other,11
307,38,36-45,Male,Divorced,3,Life Sciences,3
308,31,26-35,Male,Married,4,Medical,1
309,59,46+,Male,Married,3,Life Sciences,3
311,37,36-45,Male,Divorced,4,Marketing,4
312,29,26-35,Female,Married,1,Medical,1
314,35,26-35,Female,Single,3,Marketing,1
315,29,26-35,Male,Single,1,Medical,18
316,52,46+,Female,Single,3,Life Sciences,2
319,42,36-45,Male,Married,2,Technical Degree,4
321,59,46+,Male,Married,2,Medical,6
323,50,46+,Female,Divorced,4,Medical,1
325,33,26-35,Male,Married,3,Medical,14
327,43,36-45,Female,Married,3,Marketing,16
328,33,26-35,Female,Married,2,Life Sciences,2
329,52,46+,Male,Single,4,Life Sciences,2
330,32,26-35,Female,Married,2,Life Sciences,4
331,32,26-35,Male,Single,3,Life Sciences,1
332,39,36-45,Female,Divorced,4,Medical,1
333,32,26-35,Male,Married,4,Marketing,26
334,41,36-45,Male,Divorced,2,Life Sciences,19
335,40,36-45,Male,Divorced,2,Technical Degree,24
336,45,36-45,Male,Married,3,Other,1
337,31,26-35,Male,Divorced,4,Medical,3
338,33,26-35,Female,Married,4,Life Sciences,5
339,34,26-35,Male,Married,4,Life Sciences,2
340,37,36-45,Female,Married,2,Medical,1
341,45,36-45,Male,Married,4,Life Sciences,7
342,37,36-45,Male,Divorced,3,Medical,10
343,39,36-45,Female,Single,4,Technical Degree,2
346,29,26-35,Male,Single,3,Life Sciences,15
347,42,36-45,Female,Single,2,Life Sciences,17
349,29,26-35,Male,Divorced,2,Marketing,20
350,25,18-25,Female,Married,3,Life Sciences,1
351,42,36-45,Female,Divorced,3,Medical,2
352,40,36-45,Male,Divorced,2,Medical,2
353,51,46+,Male,Married,3,Life Sciences,1
355,31,26-35,Male,Single,2,Medical,29
359,32,26-35,Male,Married,3,Life Sciences,7
361,38,36-45,Male,Married,2,Life Sciences,2
362,32,26-35,Male,Single,1,Technical Degree,2
363,46,46+,Female,Married,3,Technical Degree,2
364,28,26-35,Male,Single,4,Life Sciences,2
366,29,26-35,Male,Married,3,Medical,2
367,31,26-35,Male,Married,3,Medical,23
369,25,18-25,Male,Divorced,2,Life Sciences,5
372,45,36-45,Male,Married,2,Medical,20
373,36,36-45,Male,Married,3,Life Sciences,6
374,55,46+,Male,Single,3,Medical,1
376,47,46+,Male,Married,4,Life Sciences,29
377,28,26-35,Male,Married,3,Medical,9
378,37,36-45,Male,Married,4,Medical,6
379,21,18-25,Male,Single,2,Medical,3
380,37,36-45,Female,Divorced,4,Medical,1
381,35,26-35,Female,Divorced,3,Life Sciences,22
382,38,36-45,Female,Divorced,2,Medical,7
384,26,26-35,Female,Divorced,3,Life Sciences,1
385,50,46+,Male,Divorced,1,Life Sciences,4
386,53,46+,Male,Married,4,Medical,3
387,42,36-45,Male,Married,1,Life Sciences,1
388,29,26-35,Male,Single,2,Life Sciences,2
389,55,46+,Male,Married,2,Technical Degree,20
390,26,26-35,Male,Married,2,Medical,11
391,37,36-45,Female,Single,3,Life Sciences,1
392,44,36-45,Male,Divorced,3,Life Sciences,24
393,38,36-45,Male,Divorced,4,Life Sciences,23
394,26,26-35,Male,Divorced,4,Medical,16
395,28,26-35,Female,Single,2,Life Sciences,8
396,49,46+,Female,Single,4,Life Sciences,10
397,36,36-45,Male,Single,3,Technical Degree,3
399,31,26-35,Female,Divorced,3,Marketing,5
401,26,26-35,Male,Single,4,Marketing,4
403,37,36-45,Male,Married,3,Medical,9
404,42,36-45,Female,Married,3,Marketing,26
405,18,18-25,Male,Single,3,Life Sciences,3
406,35,26-35,Male,Married,3,Marketing,16
407,36,36-45,Male,Married,4,Life Sciences,18
408,51,46+,Male,Divorced,3,Medical,2
410,41,36-45,Male,Single,4,Life Sciences,2
411,18,18-25,Female,Single,3,Medical,10
412,28,26-35,Male,Single,2,Medical,16
416,31,26-35,Male,Married,3,Technical Degree,7
417,39,36-45,Male,Divorced,3,Medical,1
419,36,36-45,Female,Married,4,Life Sciences,24
420,32,26-35,Male,Married,3,Life Sciences,7
421,38,36-45,Female,Married,2,Life Sciences,25
422,58,46+,Male,Divorced,4,Life Sciences,1
423,31,26-35,Male,Married,4,Technical Degree,5
424,31,26-35,Male,Married,3,Human Resources,2
425,45,36-45,Male,Divorced,3,Life Sciences,7
426,31,26-35,Male,Divorced,4,Life Sciences,2
428,33,26-35,Female,Married,4,Life Sciences,5
429,39,36-45,Male,Married,1,Medical,10
430,43,36-45,Female,Single,4,Life Sciences,10
431,49,46+,Female,Single,2,Technical Degree,1
433,52,46+,Male,Married,4,Medical,8
434,27,26-35,Female,Single,3,Life Sciences,5
436,32,26-35,Female,Married,2,Technical Degree,8
437,27,26-35,Male,Single,3,Life Sciences,2
438,31,26-35,Male,Divorced,3,Marketing,7
439,32,26-35,Female,Single,4,Medical,2
440,28,26-35,Male,Married,4,Medical,2
441,30,26-35,Female,Married,2,Medical,28
442,31,26-35,Female,Married,2,Life Sciences,7
444,39,36-45,Male,Married,2,Medical,7
445,39,36-45,Female,Married,2,Medical,3
446,33,26-35,Male,Single,3,Marketing,10
447,47,46+,Male,Married,5,Life Sciences,5
448,43,36-45,Female,Divorced,4,Life Sciences,10
449,27,26-35,Male,Married,1,Marketing,1
450,54,46+,Female,Single,4,Life Sciences,20
451,43,36-45,Female,Married,3,Life Sciences,7
452,45,36-45,Male,Married,4,Other,8
453,40,36-45,Male,Married,2,Medical,1
454,29,26-35,Male,Married,4,Other,8
455,29,26-35,Male,Single,5,Other,9
456,30,26-35,Female,Divorced,3,Marketing,5
458,27,26-35,Female,Married,4,Marketing,8
460,37,36-45,Male,Divorced,2,Medical,5
461,38,36-45,Male,Divorced,2,Life Sciences,15
462,31,26-35,Female,Single,4,Medical,7
463,29,26-35,Female,Divorced,1,Marketing,10
464,35,26-35,Male,Single,4,Technical Degree,5
465,23,18-25,Male,Divorced,1,Life Sciences,26
466,41,36-45,Male,Single,3,Medical,6
467,47,46+,Male,Single,1,Medical,4
468,42,36-45,Female,Single,5,Life Sciences,23
469,29,26-35,Male,Married,3,Life Sciences,2
470,42,36-45,Male,Divorced,1,Technical Degree,2
471,32,26-35,Female,Married,3,Medical,2
473,48,46+,Female,Married,1,Medical,29
474,37,36-45,Male,Divorced,3,Medical,6
475,30,26-35,Female,Married,2,Technical Degree,25
476,26,26-35,Male,Married,3,Life Sciences,1
477,42,36-45,Male,Single,4,Other,2
478,21,18-25,Female,Single,1,Technical Degree,1
479,36,36-45,Female,Single,5,Medical,1
481,36,36-45,Male,Married,4,Medical,3
482,57,46+,Male,Married,4,Medical,1
483,40,36-45,Female,Married,4,Life Sciences,10
484,21,18-25,Male,Single,2,Medical,9
485,33,26-35,Female,Single,3,Marketing,5
486,37,36-45,Female,Married,3,Medical,10
487,46,46+,Female,Married,4,Medical,7
488,41,36-45,Male,Single,3,Marketing,4
491,50,46+,Male,Single,3,Technical Degree,10
492,40,36-45,Male,Married,2,Marketing,22
493,31,26-35,Male,Single,4,Life Sciences,9
494,21,18-25,Female,Single,3,Life Sciences,12
495,29,26-35,Male,Single,3,Life Sciences,23
496,35,26-35,Male,Single,4,Life Sciences,9
497,27,26-35,Male,Divorced,2,Medical,1
498,28,26-35,Male,Single,4,Life Sciences,9
499,49,46+,Male,Single,3,Other,7
500,51,46+,Female,Married,2,Life Sciences,14
501,36,36-45,Female,Married,3,Life Sciences,2
502,34,26-35,Male,Single,3,Marketing,19
505,55,46+,Female,Single,3,Life Sciences,2
507,24,18-25,Female,Divorced,4,Marketing,10
508,30,26-35,Male,Married,1,Technical Degree,2
510,26,26-35,Male,Single,1,Technical Degree,3
511,22,18-25,Female,Married,3,Medical,11
513,36,36-45,Male,Married,2,Medical,2
514,30,26-35,Male,Single,3,Technical Degree,4
515,37,36-45,Female,Divorced,3,Life Sciences,14
516,40,36-45,Female,Divorced,2,Marketing,2
517,42,36-45,Female,Divorced,4,Life Sciences,1
518,37,36-45,Male,Single,4,Life Sciences,10
520,43,36-45,Male,Divorced,3,Life Sciences,12
521,40,36-45,Female,Married,3,Medical,2
522,54,46+,Male,Married,2,Medical,5
523,34,26-35,Female,Married,4,Marketing,4
524,31,26-35,Female,Married,2,Medical,7
525,43,36-45,Male,Married,3,Medical,21
526,43,36-45,Female,Divorced,4,Other,8
527,25,18-25,Female,Single,2,Life Sciences,4
529,37,36-45,Female,Married,5,Medical,25
530,31,26-35,Male,Married,2,Life Sciences,1
531,39,36-45,Male,Divorced,1,Life Sciences,1
532,56,46+,Female,Married,3,Life Sciences,6
533,30,26-35,Female,Single,3,Technical Degree,12
534,41,36-45,Male,Married,3,Marketing,1
536,28,26-35,Male,Divorced,2,Medical,17
538,25,18-25,Male,Married,3,Medical,3
543,52,46+,Male,Married,3,Medical,3
544,45,36-45,Male,Married,2,Life Sciences,10
546,52,46+,Female,Married,2,Life Sciences,4
547,42,36-45,Female,Divorced,2,Life Sciences,29
548,30,26-35,Female,Single,3,Life Sciences,2
549,60,46+,Female,Married,3,Life Sciences,7
550,46,46+,Female,Divorced,3,Medical,18
551,42,36-45,Female,Married,4,Technical Degree,28
554,24,18-25,Female,Single,1,Technical Degree,1
555,34,26-35,Female,Divorced,2,Marketing,6
556,38,36-45,Male,Married,2,Life Sciences,2
558,40,36-45,Female,Married,4,Life Sciences,2
560,26,26-35,Female,Divorced,3,Life Sciences,23
562,30,26-35,Male,Married,3,Life Sciences,3
564,29,26-35,Male,Married,4,Medical,3
565,29,26-35,Female,Married,5,Technical Degree,25
566,19,18-25,Male,Single,2,Technical Degree,2
567,30,26-35,Female,Married,4,Other,22
568,57,46+,Male,Divorced,3,Marketing,29
569,50,46+,Male,Married,4,Life Sciences,29
571,30,26-35,Female,Single,3,Medical,2
573,60,46+,Female,Married,3,Marketing,28
574,47,46+,Female,Divorced,2,Medical,2
575,46,46+,Male,Married,3,Life Sciences,2
577,35,26-35,Male,Single,3,Life Sciences,22
578,54,46+,Female,Single,4,Life Sciences,8
579,34,26-35,Male,Divorced,4,Life Sciences,2
580,46,46+,Female,Married,3,Marketing,10
581,31,26-35,Male,Divorced,1,Life Sciences,9
582,33,26-35,Male,Married,1,Medical,15
584,33,26-35,Male,Divorced,1,Medical,10
585,30,26-35,Male,Single,1,Marketing,7
586,35,26-35,Male,Married,3,Life Sciences,16
587,31,26-35,Male,Married,3,Life Sciences,20
590,34,26-35,Female,Divorced,3,Human Resources,23
591,42,36-45,Male,Married,2,Other,5
592,36,36-45,Male,Single,4,Medical,10
593,22,18-25,Male,Single,1,Technical Degree,4
595,48,46+,Female,Married,5,Marketing,2
597,55,46+,Female,Single,5,Life Sciences,18
599,41,36-45,Male,Single,2,Life Sciences,10
600,35,26-35,Male,Married,3,Marketing,1
601,40,36-45,Female,Single,3,Life Sciences,6
602,39,36-45,Female,Married,1,Life Sciences,8
604,31,26-35,Male,Single,1,Life Sciences,2
605,42,36-45,Male,Married,3,Medical,24
606,45,36-45,Male,Married,3,Other,2
608,26,26-35,Female,Divorced,4,Life Sciences,17
611,29,26-35,Male,Divorced,3,Technical Degree,19
612,33,26-35,Female,Divorced,5,Medical,1
613,31,26-35,Male,Divorced,3,Life Sciences,7
614,18,18-25,Male,Single,3,Marketing,5
615,40,36-45,Male,Divorced,3,Other,28
616,41,36-45,Female,Single,4,Other,2
618,26,26-35,Male,Divorced,2,Medical,29
620,35,26-35,Female,Single,3,Medical,1
621,34,26-35,Male,Single,4,Life Sciences,21
622,26,26-35,Male,Single,3,Technical Degree,24
623,37,36-45,Female,Single,3,Technical Degree,1
624,46,46+,Female,Married,1,Medical,18
625,41,36-45,Female,Married,5,Life Sciences,2
626,37,36-45,Male,Divorced,4,Medical,9
630,52,46+,Male,Divorced,2,Technical Degree,6
631,32,26-35,Male,Married,4,Other,11
632,24,18-25,Male,Married,3,Medical,24
634,38,36-45,Female,Married,3,Medical,10
635,37,36-45,Female,Married,4,Life Sciences,1
638,49,46+,Male,Divorced,4,Life Sciences,18
639,24,18-25,Male,Married,3,Medical,23
641,26,26-35,Male,Married,2,Marketing,28
643,24,18-25,Male,Married,2,Other,17
644,50,46+,Male,Married,3,Medical,3
645,25,18-25,Male,Married,1,Medical,13
647,24,18-25,Female,Married,3,Life Sciences,7
648,30,26-35,Male,Married,4,Life Sciences,12
649,34,26-35,Male,Married,2,Life Sciences,1
650,31,26-35,Male,Divorced,4,Medical,13
652,35,26-35,Male,Single,2,Other,25
653,31,26-35,Male,Divorced,4,Medical,6
655,27,26-35,Female,Divorced,4,Medical,6
656,37,36-45,Male,Married,3,Marketing,2
657,20,18-25,Female,Single,3,Life Sciences,1
659,42,36-45,Female,Married,4,Life Sciences,2
661,43,36-45,Male,Divorced,4,Other,6
662,38,36-45,Female,Single,1,Life Sciences,1
663,43,36-45,Male,Divorced,5,Medical,9
664,48,46+,Female,Married,4,Life Sciences,1
665,44,36-45,Female,Single,4,Life Sciences,1
666,34,26-35,Female,Divorced,3,Technical Degree,14
667,27,26-35,Male,Divorced,1,Marketing,2
669,21,18-25,Male,Single,1,Technical Degree,22
671,44,36-45,Male,Married,4,Other,3
675,22,18-25,Male,Married,1,Medical,6
677,33,26-35,Male,Divorced,4,Marketing,8
679,32,26-35,Female,Married,4,Life Sciences,9
680,30,26-35,Female,Divorced,3,Medical,3
682,53,46+,Female,Single,1,Medical,1
683,34,26-35,Male,Married,5,Life Sciences,1
684,45,36-45,Female,Married,4,Life Sciences,26
686,26,26-35,Female,Married,3,Life Sciences,6
689,37,36-45,Male,Married,3,Other,3
690,29,26-35,Female,Married,2,Medical,3
691,35,26-35,Male,Single,4,Life Sciences,6
692,33,26-35,Male,Divorced,3,Life Sciences,6
698,54,46+,Male,Married,4,Medical,19
699,36,36-45,Male,Divorced,2,Medical,9
700,27,26-35,Male,Single,4,Medical,3
701,20,18-25,Male,Single,1,Medical,10
702,33,26-35,Male,Single,3,Life Sciences,3
704,35,26-35,Male,Married,3,Life Sciences,3
705,23,18-25,Male,Married,3,Medical,4
707,25,18-25,Male,Married,3,Life Sciences,8
709,38,36-45,Female,Single,4,Marketing,7
710,29,26-35,Male,Divorced,4,Life Sciences,1
712,48,46+,Male,Married,1,Marketing,2
714,27,26-35,Female,Divorced,1,Medical,3
715,37,36-45,Male,Single,2,Life Sciences,10
716,50,46+,Male,Married,1,Medical,28
717,34,26-35,Female,Single,3,Medical,9
720,24,18-25,Female,Single,2,Life Sciences,3
721,39,36-45,Female,Single,4,Technical Degree,2
722,32,26-35,Male,Single,3,Marketing,10
723,50,46+,Male,Married,2,Technical Degree,8
724,38,36-45,Female,Single,4,Life Sciences,1
725,27,26-35,Female,Married,2,Life Sciences,1
727,32,26-35,Female,Single,2,Life Sciences,3
728,47,46+,Male,Single,4,Marketing,14
729,40,36-45,Male,Married,4,Life Sciences,5
730,53,46+,Male,Married,3,Life Sciences,7
731,41,36-45,Male,Divorced,4,Human Resources,10
732,60,46+,Male,Single,4,Marketing,16
733,27,26-35,Male,Divorced,2,Life Sciences,10
734,41,36-45,Male,Married,3,Human Resources,1
738,50,46+,Male,Married,4,Marketing,8
741,28,26-35,Female,Single,2,Life Sciences,1
742,36,36-45,Female,Married,3,Life Sciences,8
743,38,36-45,Female,Single,3,Life Sciences,1
744,44,36-45,Male,Single,3,Medical,24
746,47,46+,Female,Divorced,3,Medical,3
747,30,26-35,Male,Divorced,5,Marketing,27
749,29,26-35,Male,Single,3,Life Sciences,10
752,42,36-45,Male,Divorced,3,Medical,19
754,43,36-45,Male,Married,3,Life Sciences,15
757,34,26-35,Female,Single,2,Medical,8
758,23,18-25,Male,Married,1,Medical,9
760,39,36-45,Female,Married,3,Human Resources,3
762,56,46+,Male,Married,3,Medical,9
763,40,36-45,Female,Single,1,Medical,2
764,27,26-35,Female,Single,3,Medical,7
766,29,26-35,Male,Divorced,3,Marketing,10
769,53,46+,Male,Single,3,Life Sciences,6
771,35,26-35,Female,Divorced,4,Life Sciences,2
772,32,26-35,Male,Married,4,Life Sciences,24
773,38,36-45,Male,Married,5,Medical,2
775,34,26-35,Female,Divorced,5,Life Sciences,8
776,52,46+,Male,Married,4,Marketing,3
780,33,26-35,Male,Single,4,Other,1
781,25,18-25,Female,Single,1,Medical,26
783,45,36-45,Male,Single,2,Technical Degree,2
784,23,18-25,Male,Single,1,Medical,10
785,47,46+,Female,Single,2,Life Sciences,27
786,34,26-35,Male,Single,3,Other,2
787,55,46+,Male,Married,3,Medical,2
789,36,36-45,Male,Single,4,Life Sciences,8
791,52,46+,Male,Married,4,Medical,19
792,26,26-35,Female,Divorced,2,Life Sciences,1
793,29,26-35,Female,Married,3,Medical,27
796,26,26-35,Male,Single,3,Technical Degree,8
797,34,26-35,Female,Single,4,Life Sciences,1
799,54,46+,Female,Divorced,4,Medical,19
800,27,26-35,Male,Married,1,Marketing,8
802,37,36-45,Female,Divorced,1,Life Sciences,10
803,38,36-45,Female,Single,4,Life Sciences,2
804,34,26-35,Female,Single,4,Medical,2
805,35,26-35,Female,Married,4,Life Sciences,8
806,30,26-35,Male,Married,3,Life Sciences,1
807,40,36-45,Female,Married,2,Medical,2
808,34,26-35,Female,Married,2,Life Sciences,8
809,42,36-45,Male,Divorced,3,Life Sciences,8
811,23,18-25,Male,Married,3,Life Sciences,6
812,24,18-25,Male,Divorced,3,Life Sciences,9
813,52,46+,Female,Married,4,Life Sciences,11
815,50,46+,Male,Married,3,Medical,2
816,29,26-35,Female,Married,2,Life Sciences,1
817,33,26-35,Male,Married,3,Medical,7
819,33,26-35,Female,Single,3,Marketing,16
820,47,46+,Female,Married,2,Other,2
823,36,36-45,Female,Married,3,Other,1
824,29,26-35,Male,Married,2,Life Sciences,23
825,58,46+,Male,Single,4,Life Sciences,2
826,35,26-35,Female,Single,4,Life Sciences,1
827,42,36-45,Female,Married,2,Life Sciences,1
828,28,26-35,Male,Single,4,Medical,2
829,36,36-45,Male,Married,3,Human Resources,13
830,32,26-35,Female,Married,3,Life Sciences,4
832,40,36-45,Male,Single,4,Medical,16
833,30,26-35,Female,Single,3,Medical,2
834,45,36-45,Female,Single,3,Life Sciences,2
836,42,36-45,Male,Married,3,Life Sciences,29
837,38,36-45,Male,Divorced,3,Life Sciences,12
838,34,26-35,Female,Single,4,Life Sciences,16
840,49,46+,Female,Married,3,Marketing,11
842,55,46+,Male,Single,1,Medical,2
843,43,36-45,Male,Married,2,Life Sciences,14
844,27,26-35,Male,Divorced,1,Technical Degree,5
845,35,26-35,Male,Single,3,Other,7
846,28,26-35,Female,Married,4,Marketing,2
847,34,26-35,Male,Married,2,Human Resources,3
848,26,26-35,Female,Married,2,Medical,5
850,27,26-35,Male,Married,3,Medical,3
851,51,46+,Female,Married,4,Marketing,26
852,44,36-45,Male,Single,3,Medical,4
854,25,18-25,Male,Single,1,Medical,2
855,33,26-35,Male,Divorced,3,Medical,1
856,35,26-35,Female,Single,1,Medical,27
857,36,36-45,Male,Married,2,Life Sciences,1
859,32,26-35,Male,Divorced,4,Life Sciences,13
861,30,26-35,Male,Divorced,4,Life Sciences,5
862,53,46+,Female,Married,2,Marketing,7
864,45,36-45,Male,Divorced,3,Marketing,9
865,32,26-35,Female,Married,2,Medical,8
867,52,46+,Female,Married,4,Medical,25
868,37,36-45,Male,Divorced,4,Marketing,16
869,28,26-35,Male,Divorced,2,Medical,8
872,22,18-25,Male,Married,2,Life Sciences,1
874,44,36-45,Male,Married,4,Life Sciences,8
875,42,36-45,Male,Single,1,Medical,2
878,36,36-45,Male,Married,3,Life Sciences,8
879,25,18-25,Male,Married,1,Other,3
880,35,26-35,Female,Married,3,Life Sciences,9
881,35,26-35,Female,Divorced,4,Life Sciences,25
882,32,26-35,Male,Divorced,3,Life Sciences,1
885,25,18-25,Male,Married,1,Marketing,4
887,49,46+,Female,Married,3,Technical Degree,1
888,24,18-25,Male,Married,1,Life Sciences,4
889,32,26-35,Male,Married,2,Life Sciences,5
893,38,36-45,Male,Married,3,Marketing,9
894,42,36-45,Female,Married,3,Life Sciences,3
895,31,26-35,Male,Married,4,Life Sciences,11
896,29,26-35,Female,Divorced,3,Medical,1
897,53,46+,Male,Married,3,Marketing,8
899,35,26-35,Male,Married,3,Technical Degree,25
900,37,36-45,Female,Married,2,Medical,21
901,53,46+,Female,Single,4,Life Sciences,23
902,43,36-45,Female,Married,3,Life Sciences,1
903,47,46+,Female,Married,2,Marketing,2
904,37,36-45,Male,Single,2,Medical,19
905,50,46+,Male,Divorced,4,Life Sciences,2
909,39,36-45,Female,Married,3,Life Sciences,2
910,33,26-35,Male,Divorced,2,Human Resources,3
911,32,26-35,Male,Single,4,Life Sciences,25
912,29,26-35,Female,Divorced,1,Medical,7
913,44,36-45,Male,Married,2,Life Sciences,9
916,28,26-35,Male,Single,4,Medical,5
918,58,46+,Male,Divorced,1,Life Sciences,2
920,43,36-45,Female,Divorced,3,Life Sciences,8
922,20,18-25,Female,Single,3,Medical,2
923,21,18-25,Female,Single,1,Other,18
924,36,36-45,Male,Married,1,Life Sciences,14
925,47,46+,Female,Single,4,Life Sciences,2
926,22,18-25,Female,Married,1,Life Sciences,3
927,41,36-45,Female,Divorced,4,Life Sciences,2
930,28,26-35,Female,Divorced,3,Medical,9
932,39,36-45,Male,Married,3,Medical,6
933,27,26-35,Female,Single,3,Life Sciences,4
934,34,26-35,Male,Divorced,3,Life Sciences,10
936,42,36-45,Female,Single,2,Medical,14
939,33,26-35,Male,Single,4,Other,1
940,58,46+,Female,Divorced,3,Technical Degree,5
941,31,26-35,Male,Married,4,Life Sciences,7
942,35,26-35,Female,Married,1,Life Sciences,21
944,49,46+,Female,Married,2,Other,8
945,48,46+,Male,Married,4,Medical,20
947,31,26-35,Female,Married,2,Marketing,20
949,36,36-45,Male,Single,4,Other,7
950,38,36-45,Female,Married,3,Technical Degree,1
951,32,26-35,Female,Married,3,Life Sciences,1
952,25,18-25,Male,Married,2,Marketing,19
954,40,36-45,Male,Divorced,4,Marketing,10
956,26,26-35,Male,Single,3,Medical,1
957,41,36-45,Male,Single,3,Medical,6
958,36,36-45,Male,Single,4,Medical,2
959,19,18-25,Male,Single,3,Other,21
960,20,18-25,Male,Single,3,Technical Degree,4
961,31,26-35,Female,Married,3,Medical,12
964,40,36-45,Male,Divorced,4,Medical,9
966,32,26-35,Female,Married,4,Medical,3
967,36,36-45,Male,Married,1,Life Sciences,3
969,33,26-35,Female,Single,3,Life Sciences,1
970,37,36-45,Male,Married,4,Life Sciences,1
972,45,36-45,Male,Married,2,Life Sciences,4
974,29,26-35,Female,Married,3,Technical Degree,20
975,35,26-35,Female,Married,3,Medical,18
976,52,46+,Male,Married,2,Life Sciences,1
977,58,46+,Male,Single,3,Technical Degree,2
981,53,46+,Male,Divorced,2,Medical,2
982,30,26-35,Male,Divorced,2,Other,8
983,38,36-45,Female,Single,3,Technical Degree,10
984,35,26-35,Male,Divorced,4,Life Sciences,3
985,39,36-45,Male,Single,5,Life Sciences,2
986,40,36-45,Female,Single,3,Life Sciences,24
987,47,46+,Male,Divorced,4,Medical,16
990,36,36-45,Male,Divorced,4,Technical Degree,8
991,31,26-35,Male,Single,2,Medical,9
992,33,26-35,Male,Single,3,Life Sciences,17
994,29,26-35,Female,Single,3,Life Sciences,10
995,33,26-35,Female,Single,1,Life Sciences,13
996,45,36-45,Female,Divorced,4,Medical,1
997,50,46+,Male,Divorced,2,Medical,1
998,33,26-35,Female,Married,4,Other,1
999,41,36-45,Male,Divorced,3,Medical,9
1001,27,26-35,Female,Married,4,Technical Degree,16
1002,45,36-45,Male,Married,2,Life Sciences,23
1003,47,46+,Female,Single,2,Life Sciences,4
1004,30,26-35,Female,Married,3,Life Sciences,22
1005,50,46+,Male,Married,3,Life Sciences,24
1006,38,36-45,Male,Married,1,Medical,10
1007,46,46+,Male,Divorced,2,Medical,7
1009,24,18-25,Female,Divorced,1,Medical,17
1010,35,26-35,Male,Divorced,4,Other,14
1011,31,26-35,Female,Married,1,Life Sciences,1
1012,18,18-25,Male,Single,2,Life Sciences,5
1013,54,46+,Female,Married,3,Technical Degree,17
1014,35,26-35,Female,Divorced,4,Medical,25
1015,30,26-35,Female,Married,2,Life Sciences,8
1016,20,18-25,Female,Single,3,Medical,11
1017,30,26-35,Female,Single,3,Medical,5
1018,26,26-35,Male,Married,2,Medical,2
1019,22,18-25,Male,Married,1,Life Sciences,8
1022,48,46+,Male,Single,3,Life Sciences,6
1024,48,46+,Male,Single,4,Life Sciences,4
1025,41,36-45,Female,Single,2,Medical,7
1026,39,36-45,Female,Married,1,Life Sciences,1
1027,27,26-35,Female,Married,4,Life Sciences,2
1028,35,26-35,Male,Divorced,3,Other,10
1029,42,36-45,Male,Married,2,Marketing,5
1030,50,46+,Male,Married,3,Life Sciences,9
1032,59,46+,Female,Single,3,Life Sciences,2
1033,37,36-45,Female,Married,2,Medical,11
1034,55,46+,Male,Married,4,Medical,18
1035,41,36-45,Female,Divorced,1,Life Sciences,7
1036,38,36-45,Male,Single,4,Life Sciences,3
1037,26,26-35,Male,Single,2,Medical,29
1038,52,46+,Female,Married,1,Marketing,2
1039,44,36-45,Female,Married,3,Medical,28
1040,50,46+,Female,Married,3,Life Sciences,1
1042,36,36-45,Female,Single,4,Life Sciences,16
1043,39,36-45,Female,Single,3,Medical,22
1044,33,26-35,Female,Single,1,Life Sciences,8
1045,45,36-45,Female,Married,2,Life Sciences,11
1046,32,26-35,Female,Single,4,Medical,29
1047,34,26-35,Male,Divorced,4,Marketing,1
1048,59,46+,Male,Married,2,Technical Degree,1
1049,45,36-45,Male,Single,4,Medical,24
1050,53,46+,Female,Married,3,Marketing,2
1052,36,36-45,Male,Divorced,3,Other,15
1053,26,26-35,Male,Married,3,Life Sciences,2
1055,34,26-35,Female,Married,4,Life Sciences,10
1056,28,26-35,Male,Married,1,Medical,10
1060,38,36-45,Male,Married,4,Other,3
1061,50,46+,Male,Married,4,Medical,2
1062,37,36-45,Female,Single,3,Other,3
1066,40,36-45,Male,Married,3,Marketing,26
1068,26,26-35,Female,Divorced,1,Medical,1
1069,46,46+,Male,Divorced,4,Medical,1
1070,54,46+,Female,Married,4,Life Sciences,2
1071,56,46+,Female,Married,3,Medical,9
1073,36,36-45,Female,Single,5,Medical,12
1074,55,46+,Male,Single,1,Medical,2
1076,43,36-45,Male,Divorced,3,Medical,25
1077,20,18-25,Female,Single,3,Marketing,9
1079,21,18-25,Female,Single,3,Life Sciences,10
1080,46,46+,Female,Divorced,4,Life Sciences,8
1081,51,46+,Male,Married,4,Life Sciences,4
1082,28,26-35,Male,Single,2,Technical Degree,24
1083,26,26-35,Male,Married,2,Medical,1
1084,30,26-35,Male,Married,3,Other,20
1085,41,36-45,Female,Married,2,Technical Degree,7
1088,38,36-45,Female,Married,1,Life Sciences,17
1092,40,36-45,Male,Married,4,Technical Degree,20
1094,27,26-35,Male,Married,5,Life Sciences,8
1096,55,46+,Male,Married,1,Life Sciences,2
1097,28,26-35,Female,Single,3,Other,10
1098,44,36-45,Male,Married,2,Medical,1
1099,33,26-35,Male,Divorced,3,Life Sciences,5
1100,35,26-35,Male,Single,3,Technical Degree,4
1101,33,26-35,Female,Single,4,Medical,29
1102,28,26-35,Male,Divorced,2,Life Sciences,15
1103,34,26-35,Male,Single,1,Life Sciences,3
1105,37,36-45,Female,Divorced,4,Life Sciences,10
1106,25,18-25,Male,Married,1,Technical Degree,4
1107,26,26-35,Male,Divorced,3,Medical,21
1108,33,26-35,Male,Single,3,Medical,25
1109,42,36-45,Male,Married,2,Medical,2
1111,28,26-35,Male,Divorced,3,Medical,1
1113,50,46+,Male,Single,4,Other,1
1114,33,26-35,Female,Married,3,Life Sciences,7
1115,34,26-35,Male,Married,4,Life Sciences,3
1116,48,46+,Male,Single,4,Medical,1
1117,45,36-45,Female,Married,4,Life Sciences,9
1118,52,46+,Male,Single,4,Life Sciences,7
1119,38,36-45,Male,Divorced,4,Marketing,10
1120,29,26-35,Female,Divorced,4,Life Sciences,28
1121,28,26-35,Female,Divorced,3,Medical,3
1124,46,46+,Male,Married,1,Marketing,3
1125,38,36-45,Male,Single,2,Marketing,2
1126,43,36-45,Female,Married,3,Life Sciences,27
1127,39,36-45,Male,Divorced,3,Life Sciences,2
1128,40,36-45,Male,Single,3,Medical,14
1131,21,18-25,Female,Single,1,Technical Degree,1
1132,39,36-45,Male,Single,3,Life Sciences,9
1133,36,36-45,Male,Single,4,Life Sciences,18
1135,31,26-35,Male,Married,3,Life Sciences,20
1136,28,26-35,Male,Married,1,Life Sciences,2
1137,35,26-35,Male,Divorced,2,Marketing,11
1138,49,46+,Male,Married,4,Technical Degree,8
1140,34,26-35,Male,Single,2,Life Sciences,2
1143,29,26-35,Female,Divorced,3,Life Sciences,10
1148,42,36-45,Male,Single,3,Medical,29
1150,29,26-35,Male,Married,1,Medical,8
1152,38,36-45,Male,Married,3,Human Resources,1
1154,28,26-35,Male,Divorced,3,Life Sciences,6
1156,18,18-25,Male,Single,1,Medical,8
1157,33,26-35,Female,Single,4,Marketing,9
1158,41,36-45,Male,Married,4,Life Sciences,12
1160,31,26-35,Male,Married,3,Medical,15
1161,37,36-45,Female,Divorced,2,Medical,25
1162,27,26-35,Male,Married,3,Life Sciences,6
1163,34,26-35,Female,Married,1,Life Sciences,9
1164,35,26-35,Male,Single,4,Technical Degree,8
1165,29,26-35,Female,Married,1,Life Sciences,23
1166,40,36-45,Female,Single,4,Medical,9
1167,42,36-45,Male,Single,3,Life Sciences,12
1171,42,36-45,Male,Single,4,Marketing,4
1172,35,26-35,Male,Married,4,Medical,1
1173,24,18-25,Male,Single,3,Medical,24
1175,28,26-35,Female,Married,1,Life Sciences,12
1177,26,26-35,Male,Married,4,Medical,3
1179,30,26-35,Male,Married,3,Marketing,10
1180,40,36-45,Female,Married,2,Medical,26
1182,35,26-35,Male,Divorced,3,Life Sciences,2
1184,34,26-35,Male,Single,3,Medical,1
1185,35,26-35,Male,Married,4,Other,4
1188,43,36-45,Female,Single,3,Marketing,9
1190,32,26-35,Female,Divorced,1,Life Sciences,2
1191,56,46+,Female,Divorced,4,Technical Degree,4
1192,29,26-35,Female,Married,1,Medical,6
1193,19,18-25,Male,Single,2,Life Sciences,9
1195,45,36-45,Female,Married,3,Medical,7
1196,37,36-45,Female,Married,3,Life Sciences,1
1198,20,18-25,Male,Single,3,Life Sciences,3
1200,44,36-45,Male,Single,4,Life Sciences,10
1201,53,46+,Female,Divorced,2,Medical,7
1202,29,26-35,Female,Married,1,Life Sciences,15
1203,22,18-25,Male,Married,4,Life Sciences,3
1204,46,46+,Female,Married,3,Marketing,2
1206,44,36-45,Male,Single,3,Life Sciences,17
1207,33,26-35,Male,Married,3,Human Resources,2
1210,41,36-45,Male,Divorced,2,Life Sciences,5
1211,30,26-35,Male,Divorced,4,Life Sciences,29
1212,40,36-45,Male,Married,4,Medical,2
1215,50,46+,Female,Married,3,Medical,2
1216,28,26-35,Male,Married,4,Medical,19
1217,46,46+,Male,Married,2,Life Sciences,15
1218,35,26-35,Male,Married,4,Life Sciences,17
1219,24,18-25,Female,Married,2,Life Sciences,17
1220,33,26-35,Female,Married,3,Medical,25
1221,36,36-45,Male,Divorced,4,Life Sciences,6
1224,30,26-35,Male,Divorced,4,Life Sciences,7
1225,44,36-45,Male,Single,4,Other,29
1226,20,18-25,Male,Single,3,Marketing,21
1228,46,46+,Male,Divorced,4,Technical Degree,2
1231,42,36-45,Male,Married,5,Medical,2
1233,60,46+,Male,Divorced,4,Marketing,7
1234,32,26-35,Female,Married,3,Other,13
1235,32,26-35,Female,Single,2,Life Sciences,2
1237,36,36-45,Female,Divorced,3,Technical Degree,1
1238,33,26-35,Male,Married,3,Medical,9
1239,40,36-45,Female,Divorced,3,Technical Degree,10
1240,25,18-25,Male,Single,4,Life Sciences,10
1241,30,26-35,Male,Married,3,Medical,1
1242,42,36-45,Female,Married,5,Medical,26
1243,35,26-35,Female,Married,2,Marketing,8
1244,27,26-35,Male,Married,3,Life Sciences,14
1245,54,46+,Female,Divorced,4,Life Sciences,1
1246,44,36-45,Female,Married,1,Life Sciences,2
1248,19,18-25,Female,Single,3,Medical,10
1249,29,26-35,Female,Divorced,3,Life Sciences,1
1250,54,46+,Male,Married,3,Life Sciences,3
1251,31,26-35,Male,Married,2,Medical,11
1252,31,26-35,Female,Single,3,Medical,24
1254,59,46+,Female,Single,3,Life Sciences,3
1255,43,36-45,Male,Married,3,Life Sciences,3
1256,49,46+,Male,Married,2,Medical,4
1257,36,36-45,Male,Married,3,Technical Degree,3
1258,48,46+,Male,Single,2,Technical Degree,2
1259,27,26-35,Male,Divorced,2,Life Sciences,4
1260,29,26-35,Male,Divorced,3,Life Sciences,7
1263,48,46+,Male,Single,3,Life Sciences,1
1264,29,26-35,Female,Divorced,3,Life Sciences,1
1265,34,26-35,Female,Married,3,Technical Degree,20
1267,44,36-45,Male,Married,3,Marketing,5
1268,33,26-35,Male,Divorced,5,Marketing,10
1269,19,18-25,Female,Single,3,Life Sciences,25
1270,23,18-25,Male,Married,2,Life Sciences,1
1273,25,18-25,Male,Single,1,Life Sciences,24
1275,26,26-35,Male,Single,2,Life Sciences,4
1277,45,36-45,Female,Single,3,Marketing,2
1278,55,46+,Male,Divorced,1,Medical,8
1279,21,18-25,Female,Single,2,Life Sciences,10
1280,46,46+,Female,Married,2,Marketing,4
1281,34,26-35,Female,Single,3,Marketing,2
1282,51,46+,Male,Divorced,3,Life Sciences,9
1283,59,46+,Male,Single,4,Medical,18
1285,34,26-35,Female,Divorced,3,Medical,19
1286,28,26-35,Male,Single,4,Medical,1
1288,44,36-45,Male,Divorced,2,Life Sciences,4
1289,34,26-35,Male,Married,3,Life Sciences,11
1291,35,26-35,Male,Married,1,Life Sciences,6
1292,42,36-45,Female,Married,4,Medical,7
1293,43,36-45,Female,Single,4,Marketing,4
1294,36,36-45,Female,Single,4,Life Sciences,2
1295,44,36-45,Female,Married,3,Medical,15
1296,28,26-35,Male,Married,3,Life Sciences,2
1297,51,46+,Female,Single,2,Medical,6
1298,30,26-35,Female,Single,2,Medical,9
1299,29,26-35,Female,Divorced,3,Technical Degree,7
1301,28,26-35,Male,Single,3,Technical Degree,1
1303,25,18-25,Female,Single,3,Medical,1
1304,32,26-35,Male,Married,3,Medical,8
1306,45,36-45,Female,Single,3,Medical,25
1307,39,36-45,Female,Divorced,4,Medical,13
1308,58,46+,Male,Divorced,4,Life Sciences,23
1309,32,26-35,Male,Married,2,Life Sciences,7
1310,39,36-45,Male,Single,3,Medical,23
1311,30,26-35,Female,Married,3,Technical Degree,6
1312,36,36-45,Female,Married,4,Technical Degree,10
1314,46,46+,Female,Single,2,Life Sciences,1
1315,28,26-35,Female,Married,3,Life Sciences,1
1317,50,46+,Female,Married,3,Life Sciences,28
1318,40,36-45,Male,Single,4,Marketing,25
1319,52,46+,Male,Single,3,Life Sciences,5
1321,30,26-35,Female,Married,4,Medical,17
1322,39,36-45,Male,Single,2,Life Sciences,18
1324,31,26-35,Female,Divorced,4,Life Sciences,2
1329,41,36-45,Male,Single,2,Medical,10
1331,31,26-35,Female,Single,3,Life Sciences,1
1333,44,36-45,Male,Married,3,Life Sciences,3
1334,42,36-45,Male,Married,1,Life Sciences,2
1336,55,46+,Female,Married,2,Medical,2
1338,56,46+,Male,Single,4,Life Sciences,8
1340,40,36-45,Male,Divorced,2,Life Sciences,16
1344,34,26-35,Male,Divorced,3,Life Sciences,9
1346,40,36-45,Male,Single,3,Life Sciences,2
1349,41,36-45,Female,Divorced,3,Marketing,1
1350,35,26-35,Male,Single,4,Life Sciences,4
1352,51,46+,Male,Divorced,3,Life Sciences,5
1355,38,36-45,Female,Divorced,2,Life Sciences,2
1356,34,26-35,Female,Single,2,Medical,15
1358,25,18-25,Male,Married,1,Medical,19
1360,58,46+,Female,Married,4,Medical,7
1361,40,36-45,Male,Married,4,Life Sciences,1
1362,36,36-45,Female,Married,3,Marketing,7
1363,48,46+,Male,Single,3,Life Sciences,4
1364,27,26-35,Female,Married,3,Medical,11
1367,51,46+,Female,Single,2,Technical Degree,11
1368,18,18-25,Female,Single,3,Life Sciences,1
1369,35,26-35,Female,Married,3,Medical,1
1371,27,26-35,Male,Single,1,Life Sciences,2
1372,55,46+,Male,Single,4,Marketing,13
1373,56,46+,Male,Married,3,Life Sciences,23
1374,34,26-35,Female,Divorced,1,Technical Degree,26
1375,40,36-45,Female,Divorced,1,Medical,2
1377,34,26-35,Male,Married,3,Medical,29
1379,31,26-35,Female,Single,3,Life Sciences,2
1380,35,26-35,Female,Married,4,Marketing,18
1382,38,36-45,Male,Divorced,3,Life Sciences,7
1383,34,26-35,Female,Single,4,Technical Degree,2
1387,28,26-35,Male,Married,3,Life Sciences,26
1389,31,26-35,Male,Married,4,Medical,22
1390,39,36-45,Male,Married,4,Life Sciences,21
1391,51,46+,Male,Married,3,Marketing,2
1392,41,36-45,Female,Divorced,3,Life Sciences,22
1394,37,36-45,Male,Married,1,Life Sciences,4
1395,33,26-35,Male,Married,1,Life Sciences,5
1396,32,26-35,Male,Married,1,Marketing,2
1397,39,36-45,Male,Married,2,Life Sciences,25
1399,25,18-25,Male,Married,1,Life Sciences,18
1401,52,46+,Female,Married,2,Medical,28
1402,43,36-45,Female,Single,3,Medical,6
1403,27,26-35,Female,Married,3,Marketing,10
1405,27,26-35,Female,Single,4,Life Sciences,17
1407,26,26-35,Male,Single,1,Medical,2
1408,42,36-45,Female,Married,3,Human Resources,10
1409,52,46+,Female,Married,4,Other,8
1411,37,36-45,Female,Single,3,Medical,11
1412,35,26-35,Male,Single,2,Life Sciences,18
1415,25,18-25,Male,Married,3,Technical Degree,1
1417,26,26-35,Male,Single,3,Other,7
1419,29,26-35,Male,Single,3,Other,17
1420,49,46+,Male,Single,2,Life Sciences,28
1421,29,26-35,Female,Single,1,Other,14
1422,54,46+,Female,Single,3,Medical,1
1423,58,46+,Female,Married,3,Medical,1
1424,55,46+,Male,Divorced,4,Medical,1
1425,36,36-45,Female,Single,4,Marketing,3
1427,31,26-35,Female,Single,4,Life Sciences,1
1428,30,26-35,Female,Divorced,4,Marketing,7
1430,31,26-35,Female,Single,5,Life Sciences,8
1431,34,26-35,Male,Divorced,4,Other,1
1433,31,26-35,Female,Single,3,Life Sciences,8
1434,27,26-35,Male,Married,1,Life Sciences,11
1435,36,36-45,Male,Single,4,Life Sciences,4
1436,36,36-45,Female,Married,4,Marketing,16
1438,47,46+,Male,Married,3,Technical Degree,1
1439,25,18-25,Male,Married,2,Life Sciences,9
1440,37,36-45,Male,Single,2,Technical Degree,5
1441,56,46+,Female,Married,2,Life Sciences,1
1443,47,46+,Female,Married,4,Medical,2
1445,24,18-25,Female,Married,1,Medical,4
1446,32,26-35,Male,Married,5,Marketing,7
1447,34,26-35,Female,Married,3,Life Sciences,1
1448,41,36-45,Male,Married,5,Medical,5
1449,40,36-45,Male,Divorced,4,Other,9
1453,31,26-35,Male,Divorced,2,Life Sciences,8
1457,46,46+,Male,Divorced,3,Marketing,9
1458,39,36-45,Female,Single,3,Life Sciences,2
1459,31,26-35,Female,Single,5,Life Sciences,1
1460,45,36-45,Male,Divorced,3,Medical,20
1461,31,26-35,Female,Single,2,Medical,8
1464,31,26-35,Male,Married,3,Life Sciences,2
1465,45,36-45,Male,Married,3,Technical Degree,29
1466,48,46+,Male,Divorced,3,Marketing,7
1467,34,26-35,Female,Married,4,Technical Degree,9
1468,40,36-45,Male,Divorced,1,Medical,8
1469,28,26-35,Male,Single,3,Medical,5
1471,44,36-45,Male,Single,3,Life Sciences,5
1472,53,46+,Male,Single,3,Medical,2
1473,49,46+,Male,Married,4,Technical Degree,5
1474,40,36-45,Male,Divorced,3,Medical,2
1475,44,36-45,Male,Single,3,Life Sciences,20
1477,33,26-35,Male,Married,3,Medical,7
1478,34,26-35,Male,Single,3,Other,3
1479,30,26-35,Male,Married,1,Life Sciences,16
1480,42,36-45,Female,Single,2,Medical,9
1481,44,36-45,Female,Married,5,Marketing,1
1482,30,26-35,Male,Divorced,3,Technical Degree,7
1483,57,46+,Male,Married,2,Life Sciences,1
1484,49,46+,Male,Divorced,4,Life Sciences,7
1485,34,26-35,Male,Divorced,3,Medical,15
1486,28,26-35,Male,Married,3,Technical Degree,1
1487,29,26-35,Female,Single,3,Technical Degree,13
1489,34,26-35,Female,Single,4,Medical,24
1492,35,26-35,Male,Married,1,Life Sciences,7
1494,24,18-25,Male,Single,3,Medical,9
1495,24,18-25,Female,Married,2,Life Sciences,13
1496,44,36-45,Male,Single,1,Medical,2
1497,29,26-35,Male,Divorced,3,Life Sciences,19
1499,30,26-35,Male,Divorced,3,Life Sciences,1
1501,55,46+,Male,Married,4,Life Sciences,4
1502,33,26-35,Female,Married,4,Medical,4
1503,47,46+,Female,Married,3,Medical,14
1504,28,26-35,Male,Single,2,Medical,2
1506,28,26-35,Male,Divorced,3,Life Sciences,1
1507,28,26-35,Male,Single,3,Life Sciences,7
1509,49,46+,Female,Married,2,Medical,3
1513,29,26-35,Female,Married,1,Life Sciences,2
1514,28,26-35,Male,Married,1,Life Sciences,29
1515,33,26-35,Male,Single,5,Life Sciences,8
1516,32,26-35,Male,Single,3,Medical,10
1520,54,46+,Female,Divorced,4,Medical,11
1522,29,26-35,Male,Single,4,Technical Degree,1
1523,44,36-45,Male,Married,3,Life Sciences,28
1525,39,36-45,Female,Single,3,Life Sciences,6
1527,46,46+,Female,Married,3,Life Sciences,3
1529,35,26-35,Female,Single,3,Life Sciences,16
1533,23,18-25,Male,Single,1,Life Sciences,20
1534,40,36-45,Male,Single,4,Life Sciences,9
1535,34,26-35,Male,Married,3,Technical Degree,1
1537,31,26-35,Female,Single,3,Life Sciences,3
1539,50,46+,Male,Single,5,Medical,22
1541,34,26-35,Male,Married,2,Technical Degree,7
1542,42,36-45,Male,Married,3,Medical,2
1543,37,36-45,Male,Married,3,Medical,13
1544,29,26-35,Female,Married,1,Other,8
1545,33,26-35,Male,Single,3,Life Sciences,25
1546,45,36-45,Male,Married,3,Technical Degree,28
1547,42,36-45,Male,Married,3,Life Sciences,2
1548,40,36-45,Male,Married,2,Medical,9
1549,33,26-35,Male,Married,4,Life Sciences,28
1550,40,36-45,Male,Single,2,Medical,6
1551,24,18-25,Male,Divorced,2,Technical Degree,21
1552,40,36-45,Male,Divorced,2,Life Sciences,8
1553,45,36-45,Male,Divorced,4,Technical Degree,1
1554,35,26-35,Female,Married,4,Life Sciences,28
1555,32,26-35,Female,Married,2,Life Sciences,5
1556,36,36-45,Male,Single,4,Life Sciences,2
1557,48,46+,Female,Divorced,4,Life Sciences,16
1558,29,26-35,Male,Married,3,Life Sciences,9
1560,33,26-35,Male,Married,4,Life Sciences,8
1562,30,26-35,Male,Married,3,Life Sciences,1
1563,38,36-45,Male,Married,4,Human Resources,10
1564,35,26-35,Male,Single,3,Medical,1
1568,30,26-35,Male,Married,4,Technical Degree,29
1569,35,26-35,Female,Divorced,3,Life Sciences,2
1572,53,46+,Female,Married,5,Technical Degree,2
1573,38,36-45,Male,Married,3,Medical,2
1574,32,26-35,Male,Married,4,Technical Degree,1
1576,48,46+,Female,Married,4,Other,15
1577,34,26-35,Male,Single,4,Medical,7
1578,55,46+,Male,Married,5,Marketing,26
1580,34,26-35,Male,Married,4,Life Sciences,1
1581,26,26-35,Female,Married,3,Life Sciences,3
1582,38,36-45,Male,Married,3,Life Sciences,14
1583,38,36-45,Female,Single,3,Life Sciences,16
1585,36,36-45,Female,Single,4,Life Sciences,1
1586,29,26-35,Male,Single,1,Medical,3
1587,35,26-35,Female,Single,4,Medical,10
1588,39,36-45,Male,Married,3,Medical,6
1590,29,26-35,Male,Divorced,1,Life Sciences,2
1591,50,46+,Male,Married,3,Marketing,9
1592,23,18-25,Male,Married,3,Technical Degree,10
1594,36,36-45,Male,Married,4,Life Sciences,6
1595,42,36-45,Male,Single,2,Other,9
1596,35,26-35,Male,Married,3,Life Sciences,28
1597,34,26-35,Male,Married,4,Technical Degree,10
1598,40,36-45,Female,Married,2,Life Sciences,14
1599,43,36-45,Male,Divorced,3,Technical Degree,27
1601,35,26-35,Male,Married,2,Life Sciences,7
1602,46,46+,Male,Single,4,Life Sciences,1
1604,28,26-35,Male,Married,3,Medical,24
1605,22,18-25,Female,Married,2,Other,26
1606,50,46+,Male,Married,5,Medical,20
1607,32,26-35,Female,Married,4,Other,5
1608,44,36-45,Female,Divorced,3,Medical,7
1609,30,26-35,Male,Married,3,Medical,7
1611,45,36-45,Female,Single,5,Medical,5
1612,45,36-45,Male,Married,3,Marketing,26
1613,31,26-35,Male,Single,4,Other,2
1614,36,36-45,Female,Married,4,Life Sciences,12
1615,34,26-35,Male,Divorced,4,Life Sciences,10
1617,49,46+,Female,Married,4,Life Sciences,25
1618,39,36-45,Male,Married,5,Medical,10
1619,27,26-35,Male,Divorced,3,Other,19
1621,35,26-35,Male,Married,5,Life Sciences,18
1622,28,26-35,Female,Divorced,3,Medical,27
1623,21,18-25,Male,Single,1,Medical,5
1624,18,18-25,Female,Single,2,Medical,3
1625,47,46+,Female,Married,4,Life Sciences,26
1627,39,36-45,Male,Divorced,2,Medical,3
1628,40,36-45,Female,Married,3,Life Sciences,15
1630,35,26-35,Female,Married,4,Life Sciences,8
1631,37,36-45,Male,Married,3,Life Sciences,19
1633,39,36-45,Female,Single,3,Medical,4
1635,45,36-45,Female,Divorced,2,Other,2
1638,38,36-45,Female,Married,2,Medical,2
1639,35,26-35,Male,Married,3,Medical,10
1640,37,36-45,Female,Married,3,Medical,10
1641,40,36-45,Female,Single,3,Life Sciences,16
1642,44,36-45,Male,Married,5,Human Resources,1
1644,48,46+,Male,Married,5,Medical,4
1645,35,26-35,Male,Divorced,2,Medical,15
1646,24,18-25,Female,Single,1,Technical Degree,2
1647,27,26-35,Female,Married,3,Medical,8
1648,27,26-35,Male,Single,3,Medical,2
1649,40,36-45,Male,Single,3,Life Sciences,7
1650,29,26-35,Male,Single,3,Medical,10
1651,36,36-45,Female,Married,4,Life Sciences,5
1653,25,18-25,Male,Divorced,1,Life Sciences,2
1654,39,36-45,Male,Married,3,Medical,12
1655,49,46+,Female,Married,4,Other,22
1656,50,46+,Female,Divorced,5,Life Sciences,17
1657,20,18-25,Female,Single,3,Medical,2
1658,34,26-35,Female,Divorced,3,Life Sciences,3
1659,36,36-45,Male,Single,3,Life Sciences,7
1661,49,46+,Female,Married,1,Life Sciences,6
1662,36,36-45,Female,Married,4,Medical,1
1664,36,36-45,Male,Divorced,2,Life Sciences,3
1665,54,46+,Female,Married,5,Medical,22
1666,43,36-45,Male,Married,2,Life Sciences,15
1667,35,26-35,Male,Single,4,Other,12
1668,38,36-45,Male,Married,3,Life Sciences,1
1669,29,26-35,Male,Divorced,3,Medical,5
1670,33,26-35,Male,Divorced,4,Medical,2
1671,32,26-35,Male,Divorced,3,Medical,2
1673,31,26-35,Female,Married,4,Life Sciences,5
1674,49,46+,Female,Divorced,3,Medical,16
1675,38,36-45,Female,Single,3,Medical,2
1676,47,46+,Female,Divorced,4,Life Sciences,2
1677,49,46+,Male,Single,3,Life Sciences,1
1678,41,36-45,Male,Single,2,Life Sciences,23
1680,20,18-25,Male,Single,1,Life Sciences,9
1681,33,26-35,Female,Divorced,3,Life Sciences,16
1682,36,36-45,Male,Married,4,Life Sciences,26
1683,44,36-45,Female,Divorced,3,Life Sciences,1
1684,23,18-25,Male,Single,1,Medical,8
1687,38,36-45,Female,Married,2,Medical,4
1689,53,46+,Male,Married,4,Medical,24
1691,48,46+,Female,Married,2,Medical,7
1692,32,26-35,Male,Single,4,Life Sciences,2
1693,26,26-35,Male,Single,3,Medical,7
1694,55,46+,Male,Divorced,3,Technical Degree,22
1696,34,26-35,Male,Married,2,Medical,5
1697,60,46+,Male,Divorced,4,Medical,1
1698,33,26-35,Male,Married,3,Medical,21
1700,37,36-45,Male,Divorced,4,Medical,1
1701,34,26-35,Female,Married,3,Life Sciences,19
1702,23,18-25,Male,Divorced,3,Life Sciences,7
1703,44,36-45,Female,Married,3,Life Sciences,2
1704,35,26-35,Male,Single,4,Medical,2
1706,43,36-45,Male,Married,3,Medical,2
1707,24,18-25,Male,Married,3,Medical,9
1708,41,36-45,Male,Single,3,Marketing,6
1709,29,26-35,Female,Married,4,Medical,9
1710,36,36-45,Female,Single,4,Life Sciences,2
1712,45,36-45,Male,Married,1,Life Sciences,1
1714,24,18-25,Male,Married,1,Human Resources,22
1716,47,46+,Male,Married,3,Life Sciences,9
1718,26,26-35,Male,Married,4,Medical,17
1719,45,36-45,Female,Single,2,Technical Degree,28
1720,32,26-35,Male,Married,3,Life Sciences,10
1721,31,26-35,Male,Married,4,Life Sciences,2
1722,41,36-45,Male,Married,3,Human Resources,4
1724,40,36-45,Female,Married,2,Life Sciences,8
1725,24,18-25,Male,Divorced,1,Medical,29
1727,46,46+,Male,Single,4,Life Sciences,13
1728,35,26-35,Male,Married,4,Life Sciences,27
1729,30,26-35,Male,Married,1,Life Sciences,16
1731,47,46+,Male,Married,4,Marketing,2
1732,46,46+,Male,Divorced,3,Life Sciences,2
1733,36,36-45,Male,Divorced,5,Marketing,13
1734,32,26-35,Male,Single,2,Life Sciences,1
1735,23,18-25,Female,Single,1,Medical,4
1736,31,26-35,Female,Single,1,Technical Degree,24
1737,39,36-45,Male,Married,3,Life Sciences,1
1739,32,26-35,Male,Married,3,Life Sciences,19
1740,40,36-45,Male,Single,4,Medical,7
1744,45,36-45,Female,Married,3,Life Sciences,4
1745,30,26-35,Female,Single,4,Technical Degree,2
1746,24,18-25,Male,Married,3,Medical,10
1747,30,26-35,Female,Divorced,3,Human Resources,8
1749,31,26-35,Male,Married,3,Technical Degree,5
1751,27,26-35,Female,Single,3,Medical,8
1752,29,26-35,Female,Single,3,Marketing,9
1753,29,26-35,Male,Single,3,Life Sciences,1
1754,30,26-35,Male,Divorced,2,Marketing,15
1755,34,26-35,Male,Married,4,Medical,2
1756,33,26-35,Female,Single,3,Marketing,2
1757,49,46+,Female,Single,4,Marketing,11
1758,33,26-35,Female,Single,3,Life Sciences,16
1760,38,36-45,Female,Married,2,Medical,2
1761,31,26-35,Male,Married,4,Marketing,16
1762,29,26-35,Female,Divorced,3,Technical Degree,4
1763,30,26-35,Male,Married,3,Life Sciences,16
1764,32,26-35,Male,Single,4,Technical Degree,5
1766,38,36-45,Male,Married,3,Medical,18
1767,43,36-45,Male,Married,3,Technical Degree,17
1768,42,36-45,Male,Divorced,3,Medical,12
1770,55,46+,Male,Married,3,Medical,2
1771,33,26-35,Male,Divorced,3,Technical Degree,4
1772,41,36-45,Male,Divorced,4,Life Sciences,9
1774,34,26-35,Male,Divorced,3,Life Sciences,10
1775,53,46+,Female,Married,4,Medical,1
1778,43,36-45,Male,Single,3,Life Sciences,2
1779,34,26-35,Female,Single,2,Life Sciences,3
1780,21,18-25,Male,Single,1,Marketing,7
1782,38,36-45,Female,Married,2,Other,6
1783,22,18-25,Female,Married,1,Medical,8
1784,31,26-35,Female,Married,4,Marketing,29
1786,51,46+,Female,Married,3,Technical Degree,3
1787,37,36-45,Male,Married,2,Marketing,9
1789,46,46+,Male,Divorced,4,Medical,2
1790,36,36-45,Male,Married,3,Life Sciences,10
1792,44,36-45,Male,Divorced,2,Medical,1
1794,37,36-45,Male,Divorced,2,Other,8
1797,35,26-35,Male,Single,3,Life Sciences,27
1798,33,26-35,Male,Married,4,Life Sciences,8
1799,28,26-35,Male,Married,3,Life Sciences,1
1800,39,36-45,Male,Single,1,Medical,10
1801,46,46+,Male,Single,2,Life Sciences,26
1802,40,36-45,Female,Married,2,Life Sciences,2
1803,42,36-45,Male,Married,3,Medical,13
1804,35,26-35,Male,Divorced,2,Medical,2
1805,38,36-45,Male,Divorced,3,Human Resources,2
1807,34,26-35,Male,Married,4,Life Sciences,9
1809,37,36-45,Male,Single,4,Medical,10
1812,39,36-45,Male,Divorced,3,Life Sciences,20
1813,43,36-45,Male,Single,3,Life Sciences,9
1814,41,36-45,Male,Single,3,Life Sciences,5
1815,41,36-45,Female,Divorced,1,Marketing,4
1816,30,26-35,Female,Single,3,Medical,10
1818,26,26-35,Female,Married,2,Medical,20
1821,46,46+,Female,Married,2,Medical,21
1822,40,36-45,Female,Divorced,3,Life Sciences,1
1823,34,26-35,Male,Married,2,Technical Degree,8
1824,58,46+,Male,Divorced,3,Medical,2
1826,35,26-35,Male,Married,4,Medical,23
1827,47,46+,Female,Divorced,3,Life Sciences,4
1829,40,36-45,Female,Divorced,3,Life Sciences,12
1830,54,46+,Female,Married,4,Medical,7
1833,31,26-35,Female,Married,4,Marketing,7
1834,28,26-35,Female,Married,3,Medical,1
1835,38,36-45,Female,Married,4,Marketing,2
1836,26,26-35,Male,Single,3,Medical,10
1837,58,46+,Male,Married,4,Life Sciences,15
1839,18,18-25,Female,Single,3,Medical,14
1842,31,26-35,Male,Married,5,Human Resources,18
1844,29,26-35,Male,Divorced,3,Human Resources,13
1845,45,36-45,Female,Married,4,Life Sciences,2
1847,36,36-45,Female,Married,4,Other,2
1849,43,36-45,Male,Married,4,Life Sciences,2
1850,27,26-35,Female,Single,2,Life Sciences,5
1852,29,26-35,Male,Married,1,Medical,20
1853,32,26-35,Male,Single,4,Marketing,10
1854,42,36-45,Male,Married,4,Technical Degree,10
1856,47,46+,Female,Single,4,Life Sciences,9
1857,46,46+,Male,Divorced,2,Life Sciences,2
1858,28,26-35,Male,Divorced,2,Life Sciences,1
1859,29,26-35,Male,Divorced,1,Life Sciences,29
1860,42,36-45,Male,Single,3,Life Sciences,8
1862,32,26-35,Male,Single,4,Marketing,2
1863,46,46+,Female,Divorced,3,Technical Degree,3
1864,27,26-35,Female,Married,1,Medical,23
1865,29,26-35,Male,Married,1,Medical,6
1866,43,36-45,Female,Married,3,Medical,6
1867,48,46+,Male,Married,3,Life Sciences,10
1868,29,26-35,Male,Single,2,Life Sciences,24
1869,46,46+,Female,Married,3,Life Sciences,10
1870,27,26-35,Female,Married,3,Life Sciences,15
1871,39,36-45,Male,Divorced,4,Other,19
1873,55,46+,Male,Married,4,Technical Degree,2
1875,28,26-35,Female,Married,3,Medical,3
1876,30,26-35,Male,Single,3,Medical,9
1878,22,18-25,Male,Single,1,Life Sciences,7
1880,36,36-45,Female,Married,4,Technical Degree,10
1881,31,26-35,Male,Divorced,3,Life Sciences,20
1882,34,26-35,Male,Married,3,Life Sciences,4
1883,29,26-35,Male,Single,3,Life Sciences,7
1885,37,36-45,Male,Married,4,Medical,7
1886,35,26-35,Female,Married,2,Other,16
1888,45,36-45,Female,Married,2,Life Sciences,25
1890,36,36-45,Male,Single,1,Human Resources,2
1892,40,36-45,Male,Divorced,4,Life Sciences,1
1893,26,26-35,Female,Married,2,Life Sciences,1
1898,27,26-35,Female,Single,2,Medical,2
1900,48,46+,Female,Divorced,3,Medical,22
1903,44,36-45,Male,Married,4,Life Sciences,1
1905,34,26-35,Male,Married,4,Technical Degree,16
1907,56,46+,Male,Single,2,Life Sciences,24
1908,36,36-45,Male,Married,2,Marketing,17
1909,41,36-45,Female,Married,3,Marketing,8
1911,42,36-45,Male,Married,3,Medical,6
1912,31,26-35,Female,Divorced,2,Medical,10
1915,34,26-35,Female,Married,1,Medical,3
1916,31,26-35,Female,Divorced,3,Medical,4
1918,26,26-35,Male,Married,3,Other,6
1922,45,36-45,Male,Single,4,Medical,1
1924,33,26-35,Male,Single,4,Marketing,10
1927,28,26-35,Male,Married,2,Life Sciences,1
1928,29,26-35,Male,Single,3,Technical Degree,24
1929,39,36-45,Female,Married,4,Life Sciences,21
1931,27,26-35,Male,Married,4,Technical Degree,2
1932,34,26-35,Male,Married,4,Other,22
1933,28,26-35,Female,Single,2,Marketing,13
1934,47,46+,Male,Married,4,Technical Degree,14
1935,56,46+,Female,Married,5,Marketing,11
1936,39,36-45,Male,Married,2,Medical,9
1937,38,36-45,Female,Divorced,3,Medical,8
1938,58,46+,Female,Married,3,Life Sciences,21
1939,32,26-35,Female,Single,2,Life Sciences,5
1940,38,36-45,Male,Divorced,2,Life Sciences,9
1941,49,46+,Male,Married,1,Life Sciences,2
1943,42,36-45,Male,Divorced,4,Marketing,12
1944,27,26-35,Female,Married,3,Human Resources,22
1945,35,26-35,Male,Married,4,Medical,18
1947,28,26-35,Male,Single,3,Medical,16
1948,31,26-35,Male,Divorced,2,Medical,3
1949,36,36-45,Male,Married,4,Life Sciences,9
1950,34,26-35,Male,Single,3,Marketing,1
1951,34,26-35,Male,Divorced,4,Medical,13
1952,26,26-35,Male,Single,3,Medical,1
1954,29,26-35,Male,Married,3,Life Sciences,1
1955,32,26-35,Female,Divorced,4,Medical,15
1956,31,26-35,Male,Married,3,Life Sciences,1
1960,28,26-35,Male,Divorced,3,Technical Degree,17
1961,38,36-45,Male,Single,3,Life Sciences,1
1962,35,26-35,Female,Married,4,Life Sciences,7
1965,27,26-35,Male,Single,3,Marketing,9
1966,32,26-35,Male,Single,4,Life Sciences,5
1967,31,26-35,Male,Married,4,Marketing,26
1968,53,46+,Male,Single,4,Life Sciences,24
1969,54,46+,Female,Married,2,Life Sciences,9
1970,33,26-35,Male,Divorced,2,Life Sciences,7
1971,43,36-45,Male,Married,3,Life Sciences,11
1972,38,36-45,Male,Married,4,Other,1
1973,55,46+,Male,Married,4,Human Resources,26
1974,31,26-35,Female,Divorced,1,Medical,2
1975,39,36-45,Male,Single,4,Marketing,15
1976,42,36-45,Male,Single,2,Life Sciences,23
1979,31,26-35,Female,Married,3,Medical,10
1980,54,46+,Female,Single,3,Medical,10
1981,24,18-25,Male,Single,2,Life Sciences,1
1982,23,18-25,Male,Single,2,Other,12
1985,40,36-45,Female,Married,3,Technical Degree,11
1986,40,36-45,Female,Married,2,Marketing,2
1987,25,18-25,Female,Married,3,Human Resources,2
1989,30,26-35,Male,Married,2,Medical,1
1992,25,18-25,Male,Divorced,1,Other,2
1993,47,46+,Male,Single,3,Medical,25
1994,33,26-35,Male,Divorced,2,Medical,1
1995,38,36-45,Male,Married,4,Life Sciences,1
1996,31,26-35,Male,Married,2,Life Sciences,2
1997,38,36-45,Male,Married,4,Life Sciences,6
1998,42,36-45,Male,Divorced,4,Life Sciences,18
1999,41,36-45,Male,Married,3,Life Sciences,1
2000,47,46+,Female,Married,1,Medical,1
2003,35,26-35,Male,Married,4,Medical,11
2007,22,18-25,Male,Single,2,Life Sciences,1
2008,35,26-35,Male,Single,4,Medical,9
2009,33,26-35,Female,Married,2,Medical,15
2010,32,26-35,Female,Single,4,Life Sciences,29
2012,40,36-45,Male,Married,4,Life Sciences,1
2013,32,26-35,Male,Married,4,Medical,1
2014,39,36-45,Male,Single,1,Life Sciences,24
2015,38,36-45,Female,Married,3,Medical,10
2016,32,26-35,Female,Married,4,Marketing,1
2017,37,36-45,Female,Married,3,Life Sciences,10
2018,25,18-25,Female,Divorced,2,Other,8
2019,52,46+,Male,Divorced,4,Life Sciences,29
2020,44,36-45,Male,Single,3,Medical,1
2021,21,18-25,Male,Single,1,Medical,5
2022,39,36-45,Male,Single,3,Life Sciences,9
2023,23,18-25,Male,Married,3,Marketing,9
2024,36,36-45,Female,Married,3,Medical,3
2025,36,36-45,Female,Divorced,2,Life Sciences,4
2026,56,46+,Male,Divorced,4,Life Sciences,1
2027,29,26-35,Male,Married,4,Medical,1
2031,42,36-45,Male,Married,3,Life Sciences,2
2032,56,46+,Male,Married,2,Technical Degree,7
2034,41,36-45,Female,Married,4,Life Sciences,28
2035,34,26-35,Female,Married,3,Marketing,28
2036,36,36-45,Male,Divorced,4,Marketing,15
2037,41,36-45,Male,Divorced,3,Life Sciences,3
2038,32,26-35,Male,Single,3,Technical Degree,2
2040,35,26-35,Female,Single,4,Life Sciences,26
2041,38,36-45,Female,Married,2,Life Sciences,10
2044,50,46+,Male,Divorced,4,Life Sciences,1
2045,36,36-45,Female,Married,4,Marketing,11
2046,45,36-45,Female,Single,3,Life Sciences,20
2048,40,36-45,Male,Single,4,Life Sciences,2
2049,35,26-35,Male,Married,4,Life Sciences,18
2051,40,36-45,Female,Married,4,Medical,2
2052,35,26-35,Female,Married,4,Life Sciences,1
2053,29,26-35,Male,Married,2,Other,13
2054,29,26-35,Female,Single,4,Medical,28
2055,50,46+,Male,Divorced,3,Marketing,28
2056,39,36-45,Female,Married,1,Marketing,24
2057,31,26-35,Male,Single,3,Medical,5
2060,26,26-35,Female,Single,3,Other,5
2061,36,36-45,Male,Married,2,Medical,23
2062,39,36-45,Male,Married,1,Medical,6
2064,27,26-35,Male,Married,3,Life Sciences,4
2065,49,46+,Male,Married,3,Medical,2
2068,34,26-35,Male,Married,3,Medical,8
